[0;34m========================================[0m
[0;34m  EphemelodyOL 后端启动程序[0m
[0;34m========================================[0m
[0;34m正在快速编译并启动...[0m
[INFO] Scanning for projects...
[INFO] 
[INFO] ----------------------< team.javaee:rhythm_game >-----------------------
[INFO] Building rhythm_game 0.0.1-SNAPSHOT
[INFO] --------------------------------[ jar ]---------------------------------
[INFO] 
[INFO] --- maven-clean-plugin:3.1.0:clean (default-clean) @ rhythm_game ---
[INFO] Deleting /Users/charlotfirth/Documents/Work/Projects/UniversityProjects/大学写的音游系列/改版到网页上的：这个项目非常复杂我觉得可以重点介绍，我会把这个部署到网站上EphemelodyOL/back/rhythm_game/target
[INFO] 
[INFO] --- maven-resources-plugin:3.2.0:resources (default-resources) @ rhythm_game ---
[INFO] Using 'UTF-8' encoding to copy filtered resources.
[INFO] Using 'UTF-8' encoding to copy filtered properties files.
[INFO] Copying 2 resources
[INFO] Copying 110 resources
[INFO] 
[INFO] --- maven-compiler-plugin:3.8.1:compile (default-compile) @ rhythm_game ---
[INFO] Changes detected - recompiling the module!
[INFO] Compiling 117 source files to /Users/charlotfirth/Documents/Work/Projects/UniversityProjects/大学写的音游系列/改版到网页上的：这个项目非常复杂我觉得可以重点介绍，我会把这个部署到网站上EphemelodyOL/back/rhythm_game/target/classes
[INFO] /Users/charlotfirth/Documents/Work/Projects/UniversityProjects/大学写的音游系列/改版到网页上的：这个项目非常复杂我觉得可以重点介绍，我会把这个部署到网站上EphemelodyOL/back/rhythm_game/src/main/java/team/javaee/entity/domain/User.java: /Users/charlotfirth/Documents/Work/Projects/UniversityProjects/大学写的音游系列/改版到网页上的：这个项目非常复杂我觉得可以重点介绍，我会把这个部署到网站上EphemelodyOL/back/rhythm_game/src/main/java/team/javaee/entity/domain/User.java使用或覆盖了已过时的 API。
[INFO] /Users/charlotfirth/Documents/Work/Projects/UniversityProjects/大学写的音游系列/改版到网页上的：这个项目非常复杂我觉得可以重点介绍，我会把这个部署到网站上EphemelodyOL/back/rhythm_game/src/main/java/team/javaee/entity/domain/User.java: 有关详细信息, 请使用 -Xlint:deprecation 重新编译。
[INFO] 
[INFO] --- maven-resources-plugin:3.2.0:testResources (default-testResources) @ rhythm_game ---
[INFO] Using 'UTF-8' encoding to copy filtered resources.
[INFO] Using 'UTF-8' encoding to copy filtered properties files.
[INFO] skip non existing resourceDirectory /Users/charlotfirth/Documents/Work/Projects/UniversityProjects/大学写的音游系列/改版到网页上的：这个项目非常复杂我觉得可以重点介绍，我会把这个部署到网站上EphemelodyOL/back/rhythm_game/src/test/resources
[INFO] 
[INFO] --- maven-compiler-plugin:3.8.1:testCompile (default-testCompile) @ rhythm_game ---
[INFO] Changes detected - recompiling the module!
[INFO] Compiling 1 source file to /Users/charlotfirth/Documents/Work/Projects/UniversityProjects/大学写的音游系列/改版到网页上的：这个项目非常复杂我觉得可以重点介绍，我会把这个部署到网站上EphemelodyOL/back/rhythm_game/target/test-classes
[INFO] 
[INFO] --- maven-surefire-plugin:2.22.2:test (default-test) @ rhythm_game ---
[INFO] Tests are skipped.
[INFO] 
[INFO] --- maven-jar-plugin:3.2.2:jar (default-jar) @ rhythm_game ---
[INFO] Building jar: /Users/charlotfirth/Documents/Work/Projects/UniversityProjects/大学写的音游系列/改版到网页上的：这个项目非常复杂我觉得可以重点介绍，我会把这个部署到网站上EphemelodyOL/back/rhythm_game/target/rhythm_game-0.0.1-SNAPSHOT.jar
[INFO] 
[INFO] --- spring-boot-maven-plugin:2.6.7:repackage (repackage) @ rhythm_game ---
[INFO] Replacing main artifact with repackaged archive
[INFO] ------------------------------------------------------------------------
[INFO] BUILD SUCCESS
[INFO] ------------------------------------------------------------------------
[INFO] Total time:  6.644 s
[INFO] Finished at: 2026-02-03T20:14:39+08:00
[INFO] ------------------------------------------------------------------------

  .   ____          _            __ _ _
 /\\ / ___'_ __ _ _(_)_ __  __ _ \ \ \ \
( ( )\___ | '_ | '_| | '_ \/ _` | \ \ \ \
 \\/  ___)| |_)| | | | | || (_| |  ) ) ) )
  '  |____| .__|_| |_|_| |_\__, | / / / /
 =========|_|==============|___/=/_/_/_/
 :: Spring Boot ::                (v2.6.7)

2026-02-03 20:14:39.871  INFO 4236 --- [           main] team.javaee.RhythmGameApplication        : Starting RhythmGameApplication v0.0.1-SNAPSHOT using Java 15.0.7 on Mac-Studio.local with PID 4236 (/Users/charlotfirth/Documents/Work/Projects/UniversityProjects/大学写的音游系列/改版到网页上的：这个项目非常复杂我觉得可以重点介绍，我会把这个部署到网站上EphemelodyOL/back/rhythm_game/target/rhythm_game-0.0.1-SNAPSHOT.jar started by charlotfirth in /Users/charlotfirth/Documents/Work/Projects/UniversityProjects/大学写的音游系列/改版到网页上的：这个项目非常复杂我觉得可以重点介绍，我会把这个部署到网站上EphemelodyOL/back/rhythm_game)
2026-02-03 20:14:39.872  INFO 4236 --- [           main] team.javaee.RhythmGameApplication        : No active profile set, falling back to 1 default profile: "default"
2026-02-03 20:14:39.872 DEBUG 4236 --- [           main] o.s.boot.SpringApplication               : Loading source class team.javaee.RhythmGameApplication
2026-02-03 20:14:39.900 DEBUG 4236 --- [           main] ConfigServletWebServerApplicationContext : Refreshing org.springframework.boot.web.servlet.context.AnnotationConfigServletWebServerApplicationContext@4e096385
2026-02-03 20:14:40.215 DEBUG 4236 --- [           main] o.s.b.a.AutoConfigurationPackages        : @EnableAutoConfiguration was declared on a class in the package 'team.javaee'. Automatic @Repository and @Entity scanning is enabled.
2026-02-03 20:14:40.526 DEBUG 4236 --- [           main] .s.b.w.e.t.TomcatServletWebServerFactory : Code archive: /Users/charlotfirth/Documents/Work/Projects/UniversityProjects/大学写的音游系列/改版到网页上的：这个项目非常复杂我觉得可以重点介绍，我会把这个部署到网站上EphemelodyOL/back/rhythm_game/target/rhythm_game-0.0.1-SNAPSHOT.jar
2026-02-03 20:14:40.526 DEBUG 4236 --- [           main] .s.b.w.e.t.TomcatServletWebServerFactory : Code archive: /Users/charlotfirth/Documents/Work/Projects/UniversityProjects/大学写的音游系列/改版到网页上的：这个项目非常复杂我觉得可以重点介绍，我会把这个部署到网站上EphemelodyOL/back/rhythm_game/target/rhythm_game-0.0.1-SNAPSHOT.jar
2026-02-03 20:14:40.526 DEBUG 4236 --- [           main] .s.b.w.e.t.TomcatServletWebServerFactory : None of the document roots [src/main/webapp, public, static] point to a directory and will be ignored.
2026-02-03 20:14:40.540  INFO 4236 --- [           main] o.s.b.w.embedded.tomcat.TomcatWebServer  : Tomcat initialized with port(s): 8090 (http)
2026-02-03 20:14:40.545  INFO 4236 --- [           main] o.apache.catalina.core.StandardService   : Starting service [Tomcat]
2026-02-03 20:14:40.546  INFO 4236 --- [           main] org.apache.catalina.core.StandardEngine  : Starting Servlet engine: [Apache Tomcat/9.0.62]
2026-02-03 20:14:40.587  INFO 4236 --- [           main] o.a.c.c.C.[Tomcat].[localhost].[/]       : Initializing Spring embedded WebApplicationContext
2026-02-03 20:14:40.587 DEBUG 4236 --- [           main] w.s.c.ServletWebServerApplicationContext : Published root WebApplicationContext as ServletContext attribute with name [org.springframework.web.context.WebApplicationContext.ROOT]
2026-02-03 20:14:40.587  INFO 4236 --- [           main] w.s.c.ServletWebServerApplicationContext : Root WebApplicationContext: initialization completed in 687 ms
2026-02-03 20:14:40.596 DEBUG 4236 --- [           main] o.s.b.w.s.ServletContextInitializerBeans : Mapping filters: characterEncodingFilter urls=[/*] order=-2147483648, formContentFilter urls=[/*] order=-9900, requestContextFilter urls=[/*] order=-105, corsFilter urls=[/*] order=2147483647
2026-02-03 20:14:40.596 DEBUG 4236 --- [           main] o.s.b.w.s.ServletContextInitializerBeans : Mapping servlets: dispatcherServlet urls=[/]
2026-02-03 20:14:40.610 DEBUG 4236 --- [           main] o.s.b.w.s.f.OrderedRequestContextFilter  : Filter 'requestContextFilter' configured for use
2026-02-03 20:14:40.610 DEBUG 4236 --- [           main] s.b.w.s.f.OrderedCharacterEncodingFilter : Filter 'characterEncodingFilter' configured for use
2026-02-03 20:14:40.610 DEBUG 4236 --- [           main] o.s.b.w.s.f.OrderedFormContentFilter     : Filter 'formContentFilter' configured for use
Logging initialized using 'class org.apache.ibatis.logging.stdout.StdOutImpl' adapter.
Parsed mapper file: 'URL [jar:file:/Users/charlotfirth/Documents/Work/Projects/UniversityProjects/大学写的音游系列/改版到网页上的：这个项目非常复杂我觉得可以重点介绍，我会把这个部署到网站上EphemelodyOL/back/rhythm_game/target/rhythm_game-0.0.1-SNAPSHOT.jar!/BOOT-INF/classes!/mapper/BestRecord.xml]'
Parsed mapper file: 'URL [jar:file:/Users/charlotfirth/Documents/Work/Projects/UniversityProjects/大学写的音游系列/改版到网页上的：这个项目非常复杂我觉得可以重点介绍，我会把这个部署到网站上EphemelodyOL/back/rhythm_game/target/rhythm_game-0.0.1-SNAPSHOT.jar!/BOOT-INF/classes!/mapper/RecentRecord.xml]'
 _ _   |_  _ _|_. ___ _ |    _ 
| | |\/|_)(_| | |_\  |_)||_|_\ 
     /               |         
                        3.4.2 
2026-02-03 20:14:41.083 DEBUG 4236 --- [           main] o.s.w.s.s.s.WebSocketHandlerMapping      : Patterns [/ws/chart] in 'webSocketHandlerMapping'
2026-02-03 20:14:41.128 DEBUG 4236 --- [           main] s.w.s.m.m.a.RequestMappingHandlerAdapter : ControllerAdvice beans: 0 @ModelAttribute, 0 @InitBinder, 1 RequestBodyAdvice, 1 ResponseBodyAdvice
2026-02-03 20:14:41.168 DEBUG 4236 --- [           main] s.w.s.m.m.a.RequestMappingHandlerMapping : 38 mappings in 'requestMappingHandlerMapping'
2026-02-03 20:14:41.182 DEBUG 4236 --- [           main] o.s.w.s.handler.SimpleUrlHandlerMapping  : Patterns [/webjars/**, /**, /files/**] in 'resourceHandlerMapping'
2026-02-03 20:14:41.186 DEBUG 4236 --- [           main] .m.m.a.ExceptionHandlerExceptionResolver : ControllerAdvice beans: 0 @ExceptionHandler, 1 ResponseBodyAdvice
2026-02-03 20:14:41.244  INFO 4236 --- [           main] o.s.b.w.embedded.tomcat.TomcatWebServer  : Tomcat started on port(s): 8090 (http) with context path ''
2026-02-03 20:14:41.251 DEBUG 4236 --- [           main] ConditionEvaluationReportLoggingListener : 


============================
CONDITIONS EVALUATION REPORT
============================


Positive matches:
-----------------

   AopAutoConfiguration matched:
      - @ConditionalOnProperty (spring.aop.auto=true) matched (OnPropertyCondition)

   AopAutoConfiguration.ClassProxyingConfiguration matched:
      - @ConditionalOnMissingClass did not find unwanted class 'org.aspectj.weaver.Advice' (OnClassCondition)
      - @ConditionalOnProperty (spring.aop.proxy-target-class=true) matched (OnPropertyCondition)

   DataSourceAutoConfiguration matched:
      - @ConditionalOnClass found required classes 'javax.sql.DataSource', 'org.springframework.jdbc.datasource.embedded.EmbeddedDatabaseType' (OnClassCondition)
      - @ConditionalOnMissingBean (types: io.r2dbc.spi.ConnectionFactory; SearchStrategy: all) did not find any beans (OnBeanCondition)

   DataSourceAutoConfiguration.PooledDataSourceConfiguration matched:
      - AnyNestedCondition 1 matched 1 did not; NestedCondition on DataSourceAutoConfiguration.PooledDataSourceCondition.PooledDataSourceAvailable PooledDataSource found supported DataSource; NestedCondition on DataSourceAutoConfiguration.PooledDataSourceCondition.ExplicitType @ConditionalOnProperty (spring.datasource.type) did not find property 'type' (DataSourceAutoConfiguration.PooledDataSourceCondition)
      - @ConditionalOnMissingBean (types: javax.sql.DataSource,javax.sql.XADataSource; SearchStrategy: all) did not find any beans (OnBeanCondition)

   DataSourceConfiguration.Hikari matched:
      - @ConditionalOnClass found required class 'com.zaxxer.hikari.HikariDataSource' (OnClassCondition)
      - @ConditionalOnProperty (spring.datasource.type=com.zaxxer.hikari.HikariDataSource) matched (OnPropertyCondition)
      - @ConditionalOnMissingBean (types: javax.sql.DataSource; SearchStrategy: all) did not find any beans (OnBeanCondition)

   DataSourceInitializationConfiguration matched:
      - @ConditionalOnClass found required class 'org.springframework.jdbc.datasource.init.DatabasePopulator' (OnClassCondition)
      - @ConditionalOnSingleCandidate (types: javax.sql.DataSource; SearchStrategy: all) found a single bean 'dataSource'; @ConditionalOnMissingBean (types: org.springframework.boot.autoconfigure.sql.init.SqlDataSourceScriptDatabaseInitializer,org.springframework.boot.autoconfigure.sql.init.SqlR2dbcScriptDatabaseInitializer; SearchStrategy: all) did not find any beans (OnBeanCondition)

   DataSourceJmxConfiguration matched:
      - @ConditionalOnProperty (spring.jmx.enabled=true) matched (OnPropertyCondition)

   DataSourceJmxConfiguration.Hikari matched:
      - @ConditionalOnClass found required class 'com.zaxxer.hikari.HikariDataSource' (OnClassCondition)
      - @ConditionalOnSingleCandidate (types: javax.sql.DataSource; SearchStrategy: all) found a single bean 'dataSource' (OnBeanCondition)

   DataSourcePoolMetadataProvidersConfiguration.HikariPoolDataSourceMetadataProviderConfiguration matched:
      - @ConditionalOnClass found required class 'com.zaxxer.hikari.HikariDataSource' (OnClassCondition)

   DataSourceTransactionManagerAutoConfiguration matched:
      - @ConditionalOnClass found required classes 'org.springframework.jdbc.core.JdbcTemplate', 'org.springframework.transaction.TransactionManager' (OnClassCondition)

   DataSourceTransactionManagerAutoConfiguration.JdbcTransactionManagerConfiguration matched:
      - @ConditionalOnSingleCandidate (types: javax.sql.DataSource; SearchStrategy: all) found a single bean 'dataSource' (OnBeanCondition)

   DataSourceTransactionManagerAutoConfiguration.JdbcTransactionManagerConfiguration#transactionManager matched:
      - @ConditionalOnMissingBean (types: org.springframework.transaction.TransactionManager; SearchStrategy: all) did not find any beans (OnBeanCondition)

   DispatcherServletAutoConfiguration matched:
      - @ConditionalOnClass found required class 'org.springframework.web.servlet.DispatcherServlet' (OnClassCondition)
      - found 'session' scope (OnWebApplicationCondition)

   DispatcherServletAutoConfiguration.DispatcherServletConfiguration matched:
      - @ConditionalOnClass found required class 'javax.servlet.ServletRegistration' (OnClassCondition)
      - Default DispatcherServlet did not find dispatcher servlet beans (DispatcherServletAutoConfiguration.DefaultDispatcherServletCondition)

   DispatcherServletAutoConfiguration.DispatcherServletRegistrationConfiguration matched:
      - @ConditionalOnClass found required class 'javax.servlet.ServletRegistration' (OnClassCondition)
      - DispatcherServlet Registration did not find servlet registration bean (DispatcherServletAutoConfiguration.DispatcherServletRegistrationCondition)

   DispatcherServletAutoConfiguration.DispatcherServletRegistrationConfiguration#dispatcherServletRegistration matched:
      - @ConditionalOnBean (names: dispatcherServlet types: org.springframework.web.servlet.DispatcherServlet; SearchStrategy: all) found bean 'dispatcherServlet' (OnBeanCondition)

   EmbeddedWebServerFactoryCustomizerAutoConfiguration matched:
      - @ConditionalOnWebApplication (required) found 'session' scope (OnWebApplicationCondition)

   EmbeddedWebServerFactoryCustomizerAutoConfiguration.TomcatWebServerFactoryCustomizerConfiguration matched:
      - @ConditionalOnClass found required classes 'org.apache.catalina.startup.Tomcat', 'org.apache.coyote.UpgradeProtocol' (OnClassCondition)

   ErrorMvcAutoConfiguration matched:
      - @ConditionalOnClass found required classes 'javax.servlet.Servlet', 'org.springframework.web.servlet.DispatcherServlet' (OnClassCondition)
      - found 'session' scope (OnWebApplicationCondition)

   ErrorMvcAutoConfiguration#basicErrorController matched:
      - @ConditionalOnMissingBean (types: org.springframework.boot.web.servlet.error.ErrorController; SearchStrategy: current) did not find any beans (OnBeanCondition)

   ErrorMvcAutoConfiguration#errorAttributes matched:
      - @ConditionalOnMissingBean (types: org.springframework.boot.web.servlet.error.ErrorAttributes; SearchStrategy: current) did not find any beans (OnBeanCondition)

   ErrorMvcAutoConfiguration.DefaultErrorViewResolverConfiguration#conventionErrorViewResolver matched:
      - @ConditionalOnBean (types: org.springframework.web.servlet.DispatcherServlet; SearchStrategy: all) found bean 'dispatcherServlet'; @ConditionalOnMissingBean (types: org.springframework.boot.autoconfigure.web.servlet.error.ErrorViewResolver; SearchStrategy: all) did not find any beans (OnBeanCondition)

   ErrorMvcAutoConfiguration.WhitelabelErrorViewConfiguration matched:
      - @ConditionalOnProperty (server.error.whitelabel.enabled) matched (OnPropertyCondition)
      - ErrorTemplate Missing did not find error template view (ErrorMvcAutoConfiguration.ErrorTemplateMissingCondition)

   ErrorMvcAutoConfiguration.WhitelabelErrorViewConfiguration#beanNameViewResolver matched:
      - @ConditionalOnMissingBean (types: org.springframework.web.servlet.view.BeanNameViewResolver; SearchStrategy: all) did not find any beans (OnBeanCondition)

   ErrorMvcAutoConfiguration.WhitelabelErrorViewConfiguration#defaultErrorView matched:
      - @ConditionalOnMissingBean (names: error; SearchStrategy: all) did not find any beans (OnBeanCondition)

   GenericCacheConfiguration matched:
      - Cache org.springframework.boot.autoconfigure.cache.GenericCacheConfiguration automatic cache type (CacheCondition)

   HttpEncodingAutoConfiguration matched:
      - @ConditionalOnClass found required class 'org.springframework.web.filter.CharacterEncodingFilter' (OnClassCondition)
      - found 'session' scope (OnWebApplicationCondition)
      - @ConditionalOnProperty (server.servlet.encoding.enabled) matched (OnPropertyCondition)

   HttpEncodingAutoConfiguration#characterEncodingFilter matched:
      - @ConditionalOnMissingBean (types: org.springframework.web.filter.CharacterEncodingFilter; SearchStrategy: all) did not find any beans (OnBeanCondition)

   HttpMessageConvertersAutoConfiguration matched:
      - @ConditionalOnClass found required class 'org.springframework.http.converter.HttpMessageConverter' (OnClassCondition)
      - NoneNestedConditions 0 matched 1 did not; NestedCondition on HttpMessageConvertersAutoConfiguration.NotReactiveWebApplicationCondition.ReactiveWebApplication did not find reactive web application classes (HttpMessageConvertersAutoConfiguration.NotReactiveWebApplicationCondition)

   HttpMessageConvertersAutoConfiguration#messageConverters matched:
      - @ConditionalOnMissingBean (types: org.springframework.boot.autoconfigure.http.HttpMessageConverters; SearchStrategy: all) did not find any beans (OnBeanCondition)

   HttpMessageConvertersAutoConfiguration.StringHttpMessageConverterConfiguration matched:
      - @ConditionalOnClass found required class 'org.springframework.http.converter.StringHttpMessageConverter' (OnClassCondition)

   HttpMessageConvertersAutoConfiguration.StringHttpMessageConverterConfiguration#stringHttpMessageConverter matched:
      - @ConditionalOnMissingBean (types: org.springframework.http.converter.StringHttpMessageConverter; SearchStrategy: all) did not find any beans (OnBeanCondition)

   JacksonAutoConfiguration matched:
      - @ConditionalOnClass found required class 'com.fasterxml.jackson.databind.ObjectMapper' (OnClassCondition)

   JacksonAutoConfiguration.Jackson2ObjectMapperBuilderCustomizerConfiguration matched:
      - @ConditionalOnClass found required class 'org.springframework.http.converter.json.Jackson2ObjectMapperBuilder' (OnClassCondition)

   JacksonAutoConfiguration.JacksonObjectMapperBuilderConfiguration matched:
      - @ConditionalOnClass found required class 'org.springframework.http.converter.json.Jackson2ObjectMapperBuilder' (OnClassCondition)

   JacksonAutoConfiguration.JacksonObjectMapperBuilderConfiguration#jacksonObjectMapperBuilder matched:
      - @ConditionalOnMissingBean (types: org.springframework.http.converter.json.Jackson2ObjectMapperBuilder; SearchStrategy: all) did not find any beans (OnBeanCondition)

   JacksonAutoConfiguration.JacksonObjectMapperConfiguration matched:
      - @ConditionalOnClass found required class 'org.springframework.http.converter.json.Jackson2ObjectMapperBuilder' (OnClassCondition)

   JacksonAutoConfiguration.JacksonObjectMapperConfiguration#jacksonObjectMapper matched:
      - @ConditionalOnMissingBean (types: com.fasterxml.jackson.databind.ObjectMapper; SearchStrategy: all) did not find any beans (OnBeanCondition)

   JacksonAutoConfiguration.ParameterNamesModuleConfiguration matched:
      - @ConditionalOnClass found required class 'com.fasterxml.jackson.module.paramnames.ParameterNamesModule' (OnClassCondition)

   JacksonAutoConfiguration.ParameterNamesModuleConfiguration#parameterNamesModule matched:
      - @ConditionalOnMissingBean (types: com.fasterxml.jackson.module.paramnames.ParameterNamesModule; SearchStrategy: all) did not find any beans (OnBeanCondition)

   JacksonHttpMessageConvertersConfiguration.MappingJackson2HttpMessageConverterConfiguration matched:
      - @ConditionalOnClass found required class 'com.fasterxml.jackson.databind.ObjectMapper' (OnClassCondition)
      - @ConditionalOnProperty (spring.mvc.converters.preferred-json-mapper=jackson) matched (OnPropertyCondition)
      - @ConditionalOnBean (types: com.fasterxml.jackson.databind.ObjectMapper; SearchStrategy: all) found bean 'jacksonObjectMapper' (OnBeanCondition)

   JacksonHttpMessageConvertersConfiguration.MappingJackson2HttpMessageConverterConfiguration#mappingJackson2HttpMessageConverter matched:
      - @ConditionalOnMissingBean (types: org.springframework.http.converter.json.MappingJackson2HttpMessageConverter ignored: org.springframework.hateoas.server.mvc.TypeConstrainedMappingJackson2HttpMessageConverter,org.springframework.data.rest.webmvc.alps.AlpsJsonHttpMessageConverter; SearchStrategy: all) did not find any beans (OnBeanCondition)

   JdbcTemplateAutoConfiguration matched:
      - @ConditionalOnClass found required classes 'javax.sql.DataSource', 'org.springframework.jdbc.core.JdbcTemplate' (OnClassCondition)
      - @ConditionalOnSingleCandidate (types: javax.sql.DataSource; SearchStrategy: all) found a single bean 'dataSource' (OnBeanCondition)

   JdbcTemplateConfiguration matched:
      - @ConditionalOnMissingBean (types: org.springframework.jdbc.core.JdbcOperations; SearchStrategy: all) did not find any beans (OnBeanCondition)

   LifecycleAutoConfiguration#defaultLifecycleProcessor matched:
      - @ConditionalOnMissingBean (names: lifecycleProcessor; SearchStrategy: current) did not find any beans (OnBeanCondition)

   MultipartAutoConfiguration matched:
      - @ConditionalOnClass found required classes 'javax.servlet.Servlet', 'org.springframework.web.multipart.support.StandardServletMultipartResolver', 'javax.servlet.MultipartConfigElement' (OnClassCondition)
      - found 'session' scope (OnWebApplicationCondition)
      - @ConditionalOnProperty (spring.servlet.multipart.enabled) matched (OnPropertyCondition)

   MultipartAutoConfiguration#multipartConfigElement matched:
      - @ConditionalOnMissingBean (types: javax.servlet.MultipartConfigElement,org.springframework.web.multipart.commons.CommonsMultipartResolver; SearchStrategy: all) did not find any beans (OnBeanCondition)

   MultipartAutoConfiguration#multipartResolver matched:
      - @ConditionalOnMissingBean (types: org.springframework.web.multipart.MultipartResolver; SearchStrategy: all) did not find any beans (OnBeanCondition)

   MybatisPlusAutoConfiguration matched:
      - @ConditionalOnClass found required classes 'org.apache.ibatis.session.SqlSessionFactory', 'org.mybatis.spring.SqlSessionFactoryBean' (OnClassCondition)
      - @ConditionalOnSingleCandidate (types: javax.sql.DataSource; SearchStrategy: all) found a single bean 'dataSource' (OnBeanCondition)

   MybatisPlusAutoConfiguration#sqlSessionFactory matched:
      - @ConditionalOnMissingBean (types: org.apache.ibatis.session.SqlSessionFactory; SearchStrategy: all) did not find any beans (OnBeanCondition)

   MybatisPlusAutoConfiguration#sqlSessionTemplate matched:
      - @ConditionalOnMissingBean (types: org.mybatis.spring.SqlSessionTemplate; SearchStrategy: all) did not find any beans (OnBeanCondition)

   MybatisPlusAutoConfiguration.MapperScannerRegistrarNotFoundConfiguration matched:
      - @ConditionalOnMissingBean (types: org.mybatis.spring.mapper.MapperFactoryBean,org.mybatis.spring.mapper.MapperScannerConfigurer; SearchStrategy: all) did not find any beans (OnBeanCondition)

   MybatisPlusLanguageDriverAutoConfiguration matched:
      - @ConditionalOnClass found required class 'org.apache.ibatis.scripting.LanguageDriver' (OnClassCondition)

   NamedParameterJdbcTemplateConfiguration matched:
      - @ConditionalOnSingleCandidate (types: org.springframework.jdbc.core.JdbcTemplate; SearchStrategy: all) found a single bean 'jdbcTemplate'; @ConditionalOnMissingBean (types: org.springframework.jdbc.core.namedparam.NamedParameterJdbcOperations; SearchStrategy: all) did not find any beans (OnBeanCondition)

   NoOpCacheConfiguration matched:
      - Cache org.springframework.boot.autoconfigure.cache.NoOpCacheConfiguration automatic cache type (CacheCondition)

   PersistenceExceptionTranslationAutoConfiguration matched:
      - @ConditionalOnClass found required class 'org.springframework.dao.annotation.PersistenceExceptionTranslationPostProcessor' (OnClassCondition)

   PersistenceExceptionTranslationAutoConfiguration#persistenceExceptionTranslationPostProcessor matched:
      - @ConditionalOnProperty (spring.dao.exceptiontranslation.enabled) matched (OnPropertyCondition)
      - @ConditionalOnMissingBean (types: org.springframework.dao.annotation.PersistenceExceptionTranslationPostProcessor; SearchStrategy: all) did not find any beans (OnBeanCondition)

   PropertyPlaceholderAutoConfiguration#propertySourcesPlaceholderConfigurer matched:
      - @ConditionalOnMissingBean (types: org.springframework.context.support.PropertySourcesPlaceholderConfigurer; SearchStrategy: current) did not find any beans (OnBeanCondition)

   RestTemplateAutoConfiguration matched:
      - @ConditionalOnClass found required class 'org.springframework.web.client.RestTemplate' (OnClassCondition)
      - NoneNestedConditions 0 matched 1 did not; NestedCondition on RestTemplateAutoConfiguration.NotReactiveWebApplicationCondition.ReactiveWebApplication did not find reactive web application classes (RestTemplateAutoConfiguration.NotReactiveWebApplicationCondition)

   RestTemplateAutoConfiguration#restTemplateBuilder matched:
      - @ConditionalOnMissingBean (types: org.springframework.boot.web.client.RestTemplateBuilder; SearchStrategy: all) did not find any beans (OnBeanCondition)

   RestTemplateAutoConfiguration#restTemplateBuilderConfigurer matched:
      - @ConditionalOnMissingBean (types: org.springframework.boot.autoconfigure.web.client.RestTemplateBuilderConfigurer; SearchStrategy: all) did not find any beans (OnBeanCondition)

   ServletWebServerFactoryAutoConfiguration matched:
      - @ConditionalOnClass found required class 'javax.servlet.ServletRequest' (OnClassCondition)
      - found 'session' scope (OnWebApplicationCondition)

   ServletWebServerFactoryAutoConfiguration#tomcatServletWebServerFactoryCustomizer matched:
      - @ConditionalOnClass found required class 'org.apache.catalina.startup.Tomcat' (OnClassCondition)

   ServletWebServerFactoryConfiguration.EmbeddedTomcat matched:
      - @ConditionalOnClass found required classes 'javax.servlet.Servlet', 'org.apache.catalina.startup.Tomcat', 'org.apache.coyote.UpgradeProtocol' (OnClassCondition)
      - @ConditionalOnMissingBean (types: org.springframework.boot.web.servlet.server.ServletWebServerFactory; SearchStrategy: current) did not find any beans (OnBeanCondition)

   SimpleCacheConfiguration matched:
      - Cache org.springframework.boot.autoconfigure.cache.SimpleCacheConfiguration automatic cache type (CacheCondition)

   SqlInitializationAutoConfiguration matched:
      - @ConditionalOnProperty (spring.sql.init.enabled) matched (OnPropertyCondition)
      - NoneNestedConditions 0 matched 1 did not; NestedCondition on SqlInitializationAutoConfiguration.SqlInitializationModeCondition.ModeIsNever @ConditionalOnProperty (spring.sql.init.mode=never) did not find property 'mode' (SqlInitializationAutoConfiguration.SqlInitializationModeCondition)

   TaskExecutionAutoConfiguration matched:
      - @ConditionalOnClass found required class 'org.springframework.scheduling.concurrent.ThreadPoolTaskExecutor' (OnClassCondition)

   TaskExecutionAutoConfiguration#applicationTaskExecutor matched:
      - @ConditionalOnMissingBean (types: java.util.concurrent.Executor; SearchStrategy: all) did not find any beans (OnBeanCondition)

   TaskExecutionAutoConfiguration#taskExecutorBuilder matched:
      - @ConditionalOnMissingBean (types: org.springframework.boot.task.TaskExecutorBuilder; SearchStrategy: all) did not find any beans (OnBeanCondition)

   TaskSchedulingAutoConfiguration matched:
      - @ConditionalOnClass found required class 'org.springframework.scheduling.concurrent.ThreadPoolTaskScheduler' (OnClassCondition)

   TaskSchedulingAutoConfiguration#taskSchedulerBuilder matched:
      - @ConditionalOnMissingBean (types: org.springframework.boot.task.TaskSchedulerBuilder; SearchStrategy: all) did not find any beans (OnBeanCondition)

   TransactionAutoConfiguration matched:
      - @ConditionalOnClass found required class 'org.springframework.transaction.PlatformTransactionManager' (OnClassCondition)

   TransactionAutoConfiguration#platformTransactionManagerCustomizers matched:
      - @ConditionalOnMissingBean (types: org.springframework.boot.autoconfigure.transaction.TransactionManagerCustomizers; SearchStrategy: all) did not find any beans (OnBeanCondition)

   TransactionAutoConfiguration.EnableTransactionManagementConfiguration matched:
      - @ConditionalOnBean (types: org.springframework.transaction.TransactionManager; SearchStrategy: all) found bean 'transactionManager'; @ConditionalOnMissingBean (types: org.springframework.transaction.annotation.AbstractTransactionManagementConfiguration; SearchStrategy: all) did not find any beans (OnBeanCondition)

   TransactionAutoConfiguration.EnableTransactionManagementConfiguration.CglibAutoProxyConfiguration matched:
      - @ConditionalOnProperty (spring.aop.proxy-target-class=true) matched (OnPropertyCondition)

   TransactionAutoConfiguration.TransactionTemplateConfiguration matched:
      - @ConditionalOnSingleCandidate (types: org.springframework.transaction.PlatformTransactionManager; SearchStrategy: all) found a single bean 'transactionManager' (OnBeanCondition)

   TransactionAutoConfiguration.TransactionTemplateConfiguration#transactionTemplate matched:
      - @ConditionalOnMissingBean (types: org.springframework.transaction.support.TransactionOperations; SearchStrategy: all) did not find any beans (OnBeanCondition)

   WebMvcAutoConfiguration matched:
      - @ConditionalOnClass found required classes 'javax.servlet.Servlet', 'org.springframework.web.servlet.DispatcherServlet', 'org.springframework.web.servlet.config.annotation.WebMvcConfigurer' (OnClassCondition)
      - found 'session' scope (OnWebApplicationCondition)
      - @ConditionalOnMissingBean (types: org.springframework.web.servlet.config.annotation.WebMvcConfigurationSupport; SearchStrategy: all) did not find any beans (OnBeanCondition)

   WebMvcAutoConfiguration#formContentFilter matched:
      - @ConditionalOnProperty (spring.mvc.formcontent.filter.enabled) matched (OnPropertyCondition)
      - @ConditionalOnMissingBean (types: org.springframework.web.filter.FormContentFilter; SearchStrategy: all) did not find any beans (OnBeanCondition)

   WebMvcAutoConfiguration.EnableWebMvcConfiguration#flashMapManager matched:
      - @ConditionalOnMissingBean (names: flashMapManager; SearchStrategy: all) did not find any beans (OnBeanCondition)

   WebMvcAutoConfiguration.EnableWebMvcConfiguration#localeResolver matched:
      - @ConditionalOnMissingBean (names: localeResolver; SearchStrategy: all) did not find any beans (OnBeanCondition)

   WebMvcAutoConfiguration.EnableWebMvcConfiguration#themeResolver matched:
      - @ConditionalOnMissingBean (names: themeResolver; SearchStrategy: all) did not find any beans (OnBeanCondition)

   WebMvcAutoConfiguration.WebMvcAutoConfigurationAdapter#defaultViewResolver matched:
      - @ConditionalOnMissingBean (types: org.springframework.web.servlet.view.InternalResourceViewResolver; SearchStrategy: all) did not find any beans (OnBeanCondition)

   WebMvcAutoConfiguration.WebMvcAutoConfigurationAdapter#requestContextFilter matched:
      - @ConditionalOnMissingBean (types: org.springframework.web.context.request.RequestContextListener,org.springframework.web.filter.RequestContextFilter; SearchStrategy: all) did not find any beans (OnBeanCondition)

   WebMvcAutoConfiguration.WebMvcAutoConfigurationAdapter#viewResolver matched:
      - @ConditionalOnBean (types: org.springframework.web.servlet.ViewResolver; SearchStrategy: all) found beans 'defaultViewResolver', 'beanNameViewResolver', 'mvcViewResolver'; @ConditionalOnMissingBean (names: viewResolver types: org.springframework.web.servlet.view.ContentNegotiatingViewResolver; SearchStrategy: all) did not find any beans (OnBeanCondition)

   WebSocketMessagingAutoConfiguration matched:
      - @ConditionalOnClass found required class 'org.springframework.web.socket.config.annotation.WebSocketMessageBrokerConfigurer' (OnClassCondition)
      - found 'session' scope (OnWebApplicationCondition)

   WebSocketServletAutoConfiguration matched:
      - @ConditionalOnClass found required classes 'javax.servlet.Servlet', 'javax.websocket.server.ServerContainer' (OnClassCondition)
      - found 'session' scope (OnWebApplicationCondition)

   WebSocketServletAutoConfiguration.TomcatWebSocketConfiguration matched:
      - @ConditionalOnClass found required classes 'org.apache.catalina.startup.Tomcat', 'org.apache.tomcat.websocket.server.WsSci' (OnClassCondition)

   WebSocketServletAutoConfiguration.TomcatWebSocketConfiguration#websocketServletWebServerCustomizer matched:
      - @ConditionalOnMissingBean (names: websocketServletWebServerCustomizer; SearchStrategy: all) did not find any beans (OnBeanCondition)


Negative matches:
-----------------

   ActiveMQAutoConfiguration:
      Did not match:
         - @ConditionalOnClass did not find required class 'javax.jms.ConnectionFactory' (OnClassCondition)

   AopAutoConfiguration.AspectJAutoProxyingConfiguration:
      Did not match:
         - @ConditionalOnClass did not find required class 'org.aspectj.weaver.Advice' (OnClassCondition)

   ArtemisAutoConfiguration:
      Did not match:
         - @ConditionalOnClass did not find required class 'javax.jms.ConnectionFactory' (OnClassCondition)

   BatchAutoConfiguration:
      Did not match:
         - @ConditionalOnClass did not find required class 'org.springframework.batch.core.launch.JobLauncher' (OnClassCondition)

   CacheAutoConfiguration:
      Did not match:
         - @ConditionalOnBean (types: org.springframework.cache.interceptor.CacheAspectSupport; SearchStrategy: all) did not find any beans of type org.springframework.cache.interceptor.CacheAspectSupport (OnBeanCondition)
      Matched:
         - @ConditionalOnClass found required class 'org.springframework.cache.CacheManager' (OnClassCondition)

   CacheAutoConfiguration.CacheManagerEntityManagerFactoryDependsOnPostProcessor:
      Did not match:
         - @ConditionalOnClass did not find required class 'org.springframework.orm.jpa.LocalContainerEntityManagerFactoryBean' (OnClassCondition)
         - Ancestor org.springframework.boot.autoconfigure.cache.CacheAutoConfiguration did not match (ConditionEvaluationReport.AncestorsMatchedCondition)

   CaffeineCacheConfiguration:
      Did not match:
         - @ConditionalOnClass did not find required class 'com.github.benmanes.caffeine.cache.Caffeine' (OnClassCondition)

   CassandraAutoConfiguration:
      Did not match:
         - @ConditionalOnClass did not find required class 'com.datastax.oss.driver.api.core.CqlSession' (OnClassCondition)

   CassandraDataAutoConfiguration:
      Did not match:
         - @ConditionalOnClass did not find required class 'com.datastax.oss.driver.api.core.CqlSession' (OnClassCondition)

   CassandraReactiveDataAutoConfiguration:
      Did not match:
         - @ConditionalOnClass did not find required class 'com.datastax.oss.driver.api.core.CqlSession' (OnClassCondition)

   CassandraReactiveRepositoriesAutoConfiguration:
      Did not match:
         - @ConditionalOnClass did not find required class 'org.springframework.data.cassandra.ReactiveSession' (OnClassCondition)

   CassandraRepositoriesAutoConfiguration:
      Did not match:
         - @ConditionalOnClass did not find required class 'com.datastax.oss.driver.api.core.CqlSession' (OnClassCondition)

   ClientHttpConnectorAutoConfiguration:
      Did not match:
         - @ConditionalOnClass did not find required class 'org.springframework.web.reactive.function.client.WebClient' (OnClassCondition)

   CodecsAutoConfiguration:
      Did not match:
         - @ConditionalOnClass did not find required class 'org.springframework.web.reactive.function.client.WebClient' (OnClassCondition)

   CouchbaseAutoConfiguration:
      Did not match:
         - @ConditionalOnClass did not find required class 'com.couchbase.client.java.Cluster' (OnClassCondition)

   CouchbaseCacheConfiguration:
      Did not match:
         - @ConditionalOnClass did not find required class 'com.couchbase.client.java.Cluster' (OnClassCondition)

   CouchbaseDataAutoConfiguration:
      Did not match:
         - @ConditionalOnClass did not find required class 'com.couchbase.client.java.Bucket' (OnClassCondition)

   CouchbaseReactiveDataAutoConfiguration:
      Did not match:
         - @ConditionalOnClass did not find required class 'com.couchbase.client.java.Cluster' (OnClassCondition)

   CouchbaseReactiveRepositoriesAutoConfiguration:
      Did not match:
         - @ConditionalOnClass did not find required class 'com.couchbase.client.java.Cluster' (OnClassCondition)

   CouchbaseRepositoriesAutoConfiguration:
      Did not match:
         - @ConditionalOnClass did not find required class 'com.couchbase.client.java.Bucket' (OnClassCondition)

   DataSourceAutoConfiguration.EmbeddedDatabaseConfiguration:
      Did not match:
         - EmbeddedDataSource spring.datasource.url is set (DataSourceAutoConfiguration.EmbeddedDatabaseCondition)

   DataSourceConfiguration.Dbcp2:
      Did not match:
         - @ConditionalOnClass did not find required class 'org.apache.commons.dbcp2.BasicDataSource' (OnClassCondition)

   DataSourceConfiguration.Generic:
      Did not match:
         - @ConditionalOnProperty (spring.datasource.type) did not find property 'spring.datasource.type' (OnPropertyCondition)

   DataSourceConfiguration.OracleUcp:
      Did not match:
         - @ConditionalOnClass did not find required classes 'oracle.ucp.jdbc.PoolDataSourceImpl', 'oracle.jdbc.OracleConnection' (OnClassCondition)

   DataSourceConfiguration.Tomcat:
      Did not match:
         - @ConditionalOnClass did not find required class 'org.apache.tomcat.jdbc.pool.DataSource' (OnClassCondition)

   DataSourceInitializationConfiguration.InitializationSpecificCredentialsDataSourceInitializationConfiguration:
      Did not match:
         - AnyNestedCondition 0 matched 2 did not; NestedCondition on DataSourceInitializationConfiguration.InitializationSpecificCredentialsDataSourceInitializationConfiguration.DifferentCredentialsCondition.DataCredentials @ConditionalOnProperty (spring.datasource.data-username) did not find property 'data-username'; NestedCondition on DataSourceInitializationConfiguration.InitializationSpecificCredentialsDataSourceInitializationConfiguration.DifferentCredentialsCondition.SchemaCredentials @ConditionalOnProperty (spring.datasource.schema-username) did not find property 'schema-username' (DataSourceInitializationConfiguration.InitializationSpecificCredentialsDataSourceInitializationConfiguration.DifferentCredentialsCondition)

   DataSourceInitializationConfiguration.SharedCredentialsDataSourceInitializationConfiguration:
      Did not match:
         - DataSource Initialization did not find configured properties spring.datasource.data-username, spring.datasource.schema-password, spring.datasource.schema[0], spring.datasource.data[0], spring.datasource.data, spring.datasource.schema-username, spring.datasource.data-password, spring.datasource.initialization-mode, spring.datasource.schema, spring.datasource.sql-script-encoding, spring.datasource.separator, spring.datasource.platform, spring.datasource.continue-on-error (DataSourceInitializationConfiguration.SharedCredentialsDataSourceInitializationConfiguration.DataSourceInitializationCondition)

   DataSourceJmxConfiguration.TomcatDataSourceJmxConfiguration:
      Did not match:
         - @ConditionalOnClass did not find required class 'org.apache.tomcat.jdbc.pool.DataSourceProxy' (OnClassCondition)

   DataSourcePoolMetadataProvidersConfiguration.CommonsDbcp2PoolDataSourceMetadataProviderConfiguration:
      Did not match:
         - @ConditionalOnClass did not find required class 'org.apache.commons.dbcp2.BasicDataSource' (OnClassCondition)

   DataSourcePoolMetadataProvidersConfiguration.OracleUcpPoolDataSourceMetadataProviderConfiguration:
      Did not match:
         - @ConditionalOnClass did not find required classes 'oracle.ucp.jdbc.PoolDataSource', 'oracle.jdbc.OracleConnection' (OnClassCondition)

   DataSourcePoolMetadataProvidersConfiguration.TomcatDataSourcePoolMetadataProviderConfiguration:
      Did not match:
         - @ConditionalOnClass did not find required class 'org.apache.tomcat.jdbc.pool.DataSource' (OnClassCondition)

   DispatcherServletAutoConfiguration.DispatcherServletConfiguration#multipartResolver:
      Did not match:
         - @ConditionalOnBean (types: org.springframework.web.multipart.MultipartResolver; SearchStrategy: all) did not find any beans of type org.springframework.web.multipart.MultipartResolver (OnBeanCondition)

   EhCacheCacheConfiguration:
      Did not match:
         - @ConditionalOnClass did not find required class 'net.sf.ehcache.Cache' (OnClassCondition)

   ElasticsearchDataAutoConfiguration:
      Did not match:
         - @ConditionalOnClass did not find required class 'org.springframework.data.elasticsearch.core.ElasticsearchRestTemplate' (OnClassCondition)

   ElasticsearchRepositoriesAutoConfiguration:
      Did not match:
         - @ConditionalOnClass did not find required class 'org.elasticsearch.client.Client' (OnClassCondition)

   ElasticsearchRestClientAutoConfiguration:
      Did not match:
         - @ConditionalOnClass did not find required class 'org.elasticsearch.client.RestClientBuilder' (OnClassCondition)

   EmbeddedLdapAutoConfiguration:
      Did not match:
         - @ConditionalOnClass did not find required class 'com.unboundid.ldap.listener.InMemoryDirectoryServer' (OnClassCondition)

   EmbeddedMongoAutoConfiguration:
      Did not match:
         - @ConditionalOnClass did not find required class 'com.mongodb.MongoClientSettings' (OnClassCondition)

   EmbeddedWebServerFactoryCustomizerAutoConfiguration.JettyWebServerFactoryCustomizerConfiguration:
      Did not match:
         - @ConditionalOnClass did not find required classes 'org.eclipse.jetty.server.Server', 'org.eclipse.jetty.util.Loader', 'org.eclipse.jetty.webapp.WebAppContext' (OnClassCondition)

   EmbeddedWebServerFactoryCustomizerAutoConfiguration.NettyWebServerFactoryCustomizerConfiguration:
      Did not match:
         - @ConditionalOnClass did not find required class 'reactor.netty.http.server.HttpServer' (OnClassCondition)

   EmbeddedWebServerFactoryCustomizerAutoConfiguration.UndertowWebServerFactoryCustomizerConfiguration:
      Did not match:
         - @ConditionalOnClass did not find required classes 'io.undertow.Undertow', 'org.xnio.SslClientAuthMode' (OnClassCondition)

   ErrorWebFluxAutoConfiguration:
      Did not match:
         - @ConditionalOnClass did not find required class 'org.springframework.web.reactive.config.WebFluxConfigurer' (OnClassCondition)

   FlywayAutoConfiguration:
      Did not match:
         - @ConditionalOnClass did not find required class 'org.flywaydb.core.Flyway' (OnClassCondition)

   FreeMarkerAutoConfiguration:
      Did not match:
         - @ConditionalOnClass did not find required class 'freemarker.template.Configuration' (OnClassCondition)

   GroovyTemplateAutoConfiguration:
      Did not match:
         - @ConditionalOnClass did not find required class 'groovy.text.markup.MarkupTemplateEngine' (OnClassCondition)

   GsonAutoConfiguration:
      Did not match:
         - @ConditionalOnClass did not find required class 'com.google.gson.Gson' (OnClassCondition)

   GsonHttpMessageConvertersConfiguration:
      Did not match:
         - @ConditionalOnClass did not find required class 'com.google.gson.Gson' (OnClassCondition)

   H2ConsoleAutoConfiguration:
      Did not match:
         - @ConditionalOnClass did not find required class 'org.h2.server.web.WebServlet' (OnClassCondition)

   HazelcastAutoConfiguration:
      Did not match:
         - @ConditionalOnClass did not find required class 'com.hazelcast.core.HazelcastInstance' (OnClassCondition)

   HazelcastCacheConfiguration:
      Did not match:
         - @ConditionalOnClass did not find required class 'com.hazelcast.core.HazelcastInstance' (OnClassCondition)

   HazelcastJpaDependencyAutoConfiguration:
      Did not match:
         - @ConditionalOnClass did not find required class 'com.hazelcast.core.HazelcastInstance' (OnClassCondition)

   HibernateJpaAutoConfiguration:
      Did not match:
         - @ConditionalOnClass did not find required class 'javax.persistence.EntityManager' (OnClassCondition)

   HttpHandlerAutoConfiguration:
      Did not match:
         - @ConditionalOnClass did not find required class 'org.springframework.web.reactive.DispatcherHandler' (OnClassCondition)

   HypermediaAutoConfiguration:
      Did not match:
         - @ConditionalOnClass did not find required class 'org.springframework.hateoas.EntityModel' (OnClassCondition)

   InfinispanCacheConfiguration:
      Did not match:
         - @ConditionalOnClass did not find required class 'org.infinispan.spring.embedded.provider.SpringEmbeddedCacheManager' (OnClassCondition)

   InfluxDbAutoConfiguration:
      Did not match:
         - @ConditionalOnClass did not find required class 'org.influxdb.InfluxDB' (OnClassCondition)

   IntegrationAutoConfiguration:
      Did not match:
         - @ConditionalOnClass did not find required class 'org.springframework.integration.config.EnableIntegration' (OnClassCondition)

   JCacheCacheConfiguration:
      Did not match:
         - @ConditionalOnClass did not find required class 'javax.cache.Caching' (OnClassCondition)

   JacksonHttpMessageConvertersConfiguration.MappingJackson2XmlHttpMessageConverterConfiguration:
      Did not match:
         - @ConditionalOnClass did not find required class 'com.fasterxml.jackson.dataformat.xml.XmlMapper' (OnClassCondition)

   JdbcRepositoriesAutoConfiguration:
      Did not match:
         - @ConditionalOnClass did not find required class 'org.springframework.data.jdbc.repository.config.AbstractJdbcConfiguration' (OnClassCondition)

   JerseyAutoConfiguration:
      Did not match:
         - @ConditionalOnClass did not find required class 'org.glassfish.jersey.server.spring.SpringComponentProvider' (OnClassCondition)

   JmsAutoConfiguration:
      Did not match:
         - @ConditionalOnClass did not find required class 'javax.jms.Message' (OnClassCondition)

   JmxAutoConfiguration:
      Did not match:
         - @ConditionalOnProperty (spring.jmx.enabled=true) did not find property 'enabled' (OnPropertyCondition)
      Matched:
         - @ConditionalOnClass found required class 'org.springframework.jmx.export.MBeanExporter' (OnClassCondition)

   JndiConnectionFactoryAutoConfiguration:
      Did not match:
         - @ConditionalOnClass did not find required class 'org.springframework.jms.core.JmsTemplate' (OnClassCondition)

   JndiDataSourceAutoConfiguration:
      Did not match:
         - @ConditionalOnProperty (spring.datasource.jndi-name) did not find property 'jndi-name' (OnPropertyCondition)
      Matched:
         - @ConditionalOnClass found required classes 'javax.sql.DataSource', 'org.springframework.jdbc.datasource.embedded.EmbeddedDatabaseType' (OnClassCondition)

   JooqAutoConfiguration:
      Did not match:
         - @ConditionalOnClass did not find required class 'org.jooq.DSLContext' (OnClassCondition)

   JpaRepositoriesAutoConfiguration:
      Did not match:
         - @ConditionalOnClass did not find required class 'org.springframework.data.jpa.repository.JpaRepository' (OnClassCondition)

   JsonbAutoConfiguration:
      Did not match:
         - @ConditionalOnClass did not find required class 'javax.json.bind.Jsonb' (OnClassCondition)

   JsonbHttpMessageConvertersConfiguration:
      Did not match:
         - @ConditionalOnClass did not find required class 'javax.json.bind.Jsonb' (OnClassCondition)

   JtaAutoConfiguration:
      Did not match:
         - @ConditionalOnClass did not find required class 'javax.transaction.Transaction' (OnClassCondition)

   KafkaAutoConfiguration:
      Did not match:
         - @ConditionalOnClass did not find required class 'org.springframework.kafka.core.KafkaTemplate' (OnClassCondition)

   LdapAutoConfiguration:
      Did not match:
         - @ConditionalOnClass did not find required class 'org.springframework.ldap.core.ContextSource' (OnClassCondition)

   LdapRepositoriesAutoConfiguration:
      Did not match:
         - @ConditionalOnClass did not find required class 'org.springframework.data.ldap.repository.LdapRepository' (OnClassCondition)

   LiquibaseAutoConfiguration:
      Did not match:
         - @ConditionalOnClass did not find required class 'liquibase.change.DatabaseChange' (OnClassCondition)

   MailSenderAutoConfiguration:
      Did not match:
         - @ConditionalOnClass did not find required class 'javax.activation.MimeType' (OnClassCondition)

   MailSenderValidatorAutoConfiguration:
      Did not match:
         - @ConditionalOnSingleCandidate did not find required type 'org.springframework.mail.javamail.JavaMailSenderImpl' (OnBeanCondition)

   MessageSourceAutoConfiguration:
      Did not match:
         - ResourceBundle did not find bundle with basename messages (MessageSourceAutoConfiguration.ResourceBundleCondition)

   MongoAutoConfiguration:
      Did not match:
         - @ConditionalOnClass did not find required class 'com.mongodb.client.MongoClient' (OnClassCondition)

   MongoDataAutoConfiguration:
      Did not match:
         - @ConditionalOnClass did not find required class 'com.mongodb.client.MongoClient' (OnClassCondition)

   MongoReactiveAutoConfiguration:
      Did not match:
         - @ConditionalOnClass did not find required class 'com.mongodb.reactivestreams.client.MongoClient' (OnClassCondition)

   MongoReactiveDataAutoConfiguration:
      Did not match:
         - @ConditionalOnClass did not find required class 'com.mongodb.reactivestreams.client.MongoClient' (OnClassCondition)

   MongoReactiveRepositoriesAutoConfiguration:
      Did not match:
         - @ConditionalOnClass did not find required class 'com.mongodb.reactivestreams.client.MongoClient' (OnClassCondition)

   MongoRepositoriesAutoConfiguration:
      Did not match:
         - @ConditionalOnClass did not find required class 'com.mongodb.client.MongoClient' (OnClassCondition)

   MustacheAutoConfiguration:
      Did not match:
         - @ConditionalOnClass did not find required class 'com.samskivert.mustache.Mustache' (OnClassCondition)

   MybatisPlusLanguageDriverAutoConfiguration.FreeMarkerConfiguration:
      Did not match:
         - @ConditionalOnClass did not find required classes 'org.mybatis.scripting.freemarker.FreeMarkerLanguageDriver', 'org.mybatis.scripting.freemarker.FreeMarkerLanguageDriverConfig' (OnClassCondition)

   MybatisPlusLanguageDriverAutoConfiguration.LegacyFreeMarkerConfiguration:
      Did not match:
         - @ConditionalOnClass did not find required class 'org.mybatis.scripting.freemarker.FreeMarkerLanguageDriver' (OnClassCondition)

   MybatisPlusLanguageDriverAutoConfiguration.ThymeleafConfiguration:
      Did not match:
         - @ConditionalOnClass did not find required class 'org.mybatis.scripting.thymeleaf.ThymeleafLanguageDriver' (OnClassCondition)

   MybatisPlusLanguageDriverAutoConfiguration.VelocityConfiguration:
      Did not match:
         - @ConditionalOnClass did not find required classes 'org.mybatis.scripting.velocity.VelocityLanguageDriver', 'org.mybatis.scripting.velocity.VelocityLanguageDriverConfig' (OnClassCondition)

   Neo4jAutoConfiguration:
      Did not match:
         - @ConditionalOnClass did not find required class 'org.neo4j.driver.Driver' (OnClassCondition)

   Neo4jDataAutoConfiguration:
      Did not match:
         - @ConditionalOnClass did not find required class 'org.neo4j.driver.Driver' (OnClassCondition)

   Neo4jReactiveDataAutoConfiguration:
      Did not match:
         - @ConditionalOnClass did not find required class 'org.neo4j.driver.Driver' (OnClassCondition)

   Neo4jReactiveRepositoriesAutoConfiguration:
      Did not match:
         - @ConditionalOnClass did not find required class 'org.neo4j.driver.Driver' (OnClassCondition)

   Neo4jRepositoriesAutoConfiguration:
      Did not match:
         - @ConditionalOnClass did not find required class 'org.neo4j.driver.Driver' (OnClassCondition)

   NettyAutoConfiguration:
      Did not match:
         - @ConditionalOnClass did not find required class 'io.netty.util.NettyRuntime' (OnClassCondition)

   OAuth2ClientAutoConfiguration:
      Did not match:
         - @ConditionalOnClass did not find required class 'org.springframework.security.config.annotation.web.configuration.EnableWebSecurity' (OnClassCondition)

   OAuth2ResourceServerAutoConfiguration:
      Did not match:
         - @ConditionalOnClass did not find required class 'org.springframework.security.oauth2.server.resource.BearerTokenAuthenticationToken' (OnClassCondition)

   ProjectInfoAutoConfiguration#buildProperties:
      Did not match:
         - @ConditionalOnResource did not find resource '${spring.info.build.location:classpath:META-INF/build-info.properties}' (OnResourceCondition)

   ProjectInfoAutoConfiguration#gitProperties:
      Did not match:
         - GitResource did not find git info at classpath:git.properties (ProjectInfoAutoConfiguration.GitResourceAvailableCondition)

   QuartzAutoConfiguration:
      Did not match:
         - @ConditionalOnClass did not find required class 'org.quartz.Scheduler' (OnClassCondition)

   R2dbcAutoConfiguration:
      Did not match:
         - @ConditionalOnClass did not find required class 'io.r2dbc.spi.ConnectionFactory' (OnClassCondition)

   R2dbcDataAutoConfiguration:
      Did not match:
         - @ConditionalOnClass did not find required class 'org.springframework.data.r2dbc.core.R2dbcEntityTemplate' (OnClassCondition)

   R2dbcInitializationConfiguration:
      Did not match:
         - @ConditionalOnClass did not find required classes 'io.r2dbc.spi.ConnectionFactory', 'org.springframework.r2dbc.connection.init.DatabasePopulator' (OnClassCondition)

   R2dbcRepositoriesAutoConfiguration:
      Did not match:
         - @ConditionalOnClass did not find required class 'io.r2dbc.spi.ConnectionFactory' (OnClassCondition)

   R2dbcTransactionManagerAutoConfiguration:
      Did not match:
         - @ConditionalOnClass did not find required class 'org.springframework.r2dbc.connection.R2dbcTransactionManager' (OnClassCondition)

   RSocketMessagingAutoConfiguration:
      Did not match:
         - @ConditionalOnClass did not find required class 'io.rsocket.RSocket' (OnClassCondition)

   RSocketRequesterAutoConfiguration:
      Did not match:
         - @ConditionalOnClass did not find required class 'io.rsocket.RSocket' (OnClassCondition)

   RSocketSecurityAutoConfiguration:
      Did not match:
         - @ConditionalOnClass did not find required class 'org.springframework.security.rsocket.core.SecuritySocketAcceptorInterceptor' (OnClassCondition)

   RSocketServerAutoConfiguration:
      Did not match:
         - @ConditionalOnClass did not find required class 'io.rsocket.core.RSocketServer' (OnClassCondition)

   RSocketStrategiesAutoConfiguration:
      Did not match:
         - @ConditionalOnClass did not find required class 'io.netty.buffer.PooledByteBufAllocator' (OnClassCondition)

   RabbitAutoConfiguration:
      Did not match:
         - @ConditionalOnClass did not find required class 'com.rabbitmq.client.Channel' (OnClassCondition)

   ReactiveElasticsearchRepositoriesAutoConfiguration:
      Did not match:
         - @ConditionalOnClass did not find required class 'org.springframework.data.elasticsearch.client.reactive.ReactiveElasticsearchClient' (OnClassCondition)

   ReactiveElasticsearchRestClientAutoConfiguration:
      Did not match:
         - @ConditionalOnClass did not find required class 'reactor.netty.http.client.HttpClient' (OnClassCondition)

   ReactiveMultipartAutoConfiguration:
      Did not match:
         - @ConditionalOnClass did not find required class 'org.springframework.web.reactive.config.WebFluxConfigurer' (OnClassCondition)

   ReactiveOAuth2ClientAutoConfiguration:
      Did not match:
         - @ConditionalOnClass did not find required class 'reactor.core.publisher.Flux' (OnClassCondition)

   ReactiveOAuth2ResourceServerAutoConfiguration:
      Did not match:
         - @ConditionalOnClass did not find required class 'org.springframework.security.config.annotation.web.reactive.EnableWebFluxSecurity' (OnClassCondition)

   ReactiveSecurityAutoConfiguration:
      Did not match:
         - @ConditionalOnClass did not find required class 'reactor.core.publisher.Flux' (OnClassCondition)

   ReactiveUserDetailsServiceAutoConfiguration:
      Did not match:
         - @ConditionalOnClass did not find required class 'org.springframework.security.authentication.ReactiveAuthenticationManager' (OnClassCondition)

   ReactiveWebServerFactoryAutoConfiguration:
      Did not match:
         - @ConditionalOnWebApplication did not find reactive web application classes (OnWebApplicationCondition)

   RedisAutoConfiguration:
      Did not match:
         - @ConditionalOnClass did not find required class 'org.springframework.data.redis.core.RedisOperations' (OnClassCondition)

   RedisCacheConfiguration:
      Did not match:
         - @ConditionalOnClass did not find required class 'org.springframework.data.redis.connection.RedisConnectionFactory' (OnClassCondition)

   RedisReactiveAutoConfiguration:
      Did not match:
         - @ConditionalOnClass did not find required class 'reactor.core.publisher.Flux' (OnClassCondition)

   RedisRepositoriesAutoConfiguration:
      Did not match:
         - @ConditionalOnClass did not find required class 'org.springframework.data.redis.repository.configuration.EnableRedisRepositories' (OnClassCondition)

   RepositoryRestMvcAutoConfiguration:
      Did not match:
         - @ConditionalOnClass did not find required class 'org.springframework.data.rest.webmvc.config.RepositoryRestMvcConfiguration' (OnClassCondition)

   Saml2RelyingPartyAutoConfiguration:
      Did not match:
         - @ConditionalOnClass did not find required class 'org.springframework.security.saml2.provider.service.registration.RelyingPartyRegistrationRepository' (OnClassCondition)

   SecurityAutoConfiguration:
      Did not match:
         - @ConditionalOnClass did not find required class 'org.springframework.security.authentication.DefaultAuthenticationEventPublisher' (OnClassCondition)

   SecurityFilterAutoConfiguration:
      Did not match:
         - @ConditionalOnClass did not find required class 'org.springframework.security.config.http.SessionCreationPolicy' (OnClassCondition)

   SendGridAutoConfiguration:
      Did not match:
         - @ConditionalOnClass did not find required class 'com.sendgrid.SendGrid' (OnClassCondition)

   ServletWebServerFactoryAutoConfiguration.ForwardedHeaderFilterConfiguration:
      Did not match:
         - @ConditionalOnProperty (server.forward-headers-strategy=framework) did not find property 'server.forward-headers-strategy' (OnPropertyCondition)

   ServletWebServerFactoryConfiguration.EmbeddedJetty:
      Did not match:
         - @ConditionalOnClass did not find required classes 'org.eclipse.jetty.server.Server', 'org.eclipse.jetty.util.Loader', 'org.eclipse.jetty.webapp.WebAppContext' (OnClassCondition)

   ServletWebServerFactoryConfiguration.EmbeddedUndertow:
      Did not match:
         - @ConditionalOnClass did not find required classes 'io.undertow.Undertow', 'org.xnio.SslClientAuthMode' (OnClassCondition)

   SessionAutoConfiguration:
      Did not match:
         - @ConditionalOnClass did not find required class 'org.springframework.session.Session' (OnClassCondition)

   SolrAutoConfiguration:
      Did not match:
         - @ConditionalOnClass did not find required class 'org.apache.solr.client.solrj.impl.CloudSolrClient' (OnClassCondition)

   SpringApplicationAdminJmxAutoConfiguration:
      Did not match:
         - @ConditionalOnProperty (spring.application.admin.enabled=true) did not find property 'enabled' (OnPropertyCondition)

   SpringDataWebAutoConfiguration:
      Did not match:
         - @ConditionalOnClass did not find required class 'org.springframework.data.web.PageableHandlerMethodArgumentResolver' (OnClassCondition)

   TaskSchedulingAutoConfiguration#taskScheduler:
      Did not match:
         - @ConditionalOnBean (names: org.springframework.context.annotation.internalScheduledAnnotationProcessor; SearchStrategy: all) did not find any beans named org.springframework.context.annotation.internalScheduledAnnotationProcessor (OnBeanCondition)

   ThymeleafAutoConfiguration:
      Did not match:
         - @ConditionalOnClass did not find required class 'org.thymeleaf.spring5.SpringTemplateEngine' (OnClassCondition)

   TransactionAutoConfiguration#transactionalOperator:
      Did not match:
         - @ConditionalOnSingleCandidate (types: org.springframework.transaction.ReactiveTransactionManager; SearchStrategy: all) did not find any beans (OnBeanCondition)

   TransactionAutoConfiguration.EnableTransactionManagementConfiguration.JdkDynamicAutoProxyConfiguration:
      Did not match:
         - @ConditionalOnProperty (spring.aop.proxy-target-class=false) did not find property 'proxy-target-class' (OnPropertyCondition)

   UserDetailsServiceAutoConfiguration:
      Did not match:
         - @ConditionalOnClass did not find required class 'org.springframework.security.authentication.AuthenticationManager' (OnClassCondition)

   ValidationAutoConfiguration:
      Did not match:
         - @ConditionalOnClass did not find required class 'javax.validation.executable.ExecutableValidator' (OnClassCondition)

   WebClientAutoConfiguration:
      Did not match:
         - @ConditionalOnClass did not find required class 'org.springframework.web.reactive.function.client.WebClient' (OnClassCondition)

   WebFluxAutoConfiguration:
      Did not match:
         - @ConditionalOnClass did not find required class 'org.springframework.web.reactive.config.WebFluxConfigurer' (OnClassCondition)

   WebMvcAutoConfiguration#hiddenHttpMethodFilter:
      Did not match:
         - @ConditionalOnProperty (spring.mvc.hiddenmethod.filter.enabled) did not find property 'enabled' (OnPropertyCondition)

   WebMvcAutoConfiguration.ResourceChainCustomizerConfiguration:
      Did not match:
         - @ConditionalOnEnabledResourceChain did not find class org.webjars.WebJarAssetLocator (OnEnabledResourceChainCondition)

   WebMvcAutoConfiguration.WebMvcAutoConfigurationAdapter#beanNameViewResolver:
      Did not match:
         - @ConditionalOnMissingBean (types: org.springframework.web.servlet.view.BeanNameViewResolver; SearchStrategy: all) found beans of type 'org.springframework.web.servlet.view.BeanNameViewResolver' beanNameViewResolver (OnBeanCondition)

   WebServiceTemplateAutoConfiguration:
      Did not match:
         - @ConditionalOnClass did not find required class 'org.springframework.oxm.Marshaller' (OnClassCondition)

   WebServicesAutoConfiguration:
      Did not match:
         - @ConditionalOnClass did not find required class 'org.springframework.ws.transport.http.MessageDispatcherServlet' (OnClassCondition)

   WebSessionIdResolverAutoConfiguration:
      Did not match:
         - @ConditionalOnClass did not find required class 'reactor.core.publisher.Mono' (OnClassCondition)

   WebSocketMessagingAutoConfiguration.WebSocketMessageConverterConfiguration:
      Did not match:
         - @ConditionalOnBean (types: org.springframework.web.socket.config.annotation.DelegatingWebSocketMessageBrokerConfiguration,com.fasterxml.jackson.databind.ObjectMapper; SearchStrategy: all) did not find any beans of type org.springframework.web.socket.config.annotation.DelegatingWebSocketMessageBrokerConfiguration (OnBeanCondition)
      Matched:
         - @ConditionalOnClass found required classes 'com.fasterxml.jackson.databind.ObjectMapper', 'org.springframework.messaging.simp.config.AbstractMessageBrokerConfiguration' (OnClassCondition)

   WebSocketReactiveAutoConfiguration:
      Did not match:
         - @ConditionalOnWebApplication did not find reactive web application classes (OnWebApplicationCondition)

   WebSocketServletAutoConfiguration.Jetty10WebSocketConfiguration:
      Did not match:
         - @ConditionalOnClass did not find required classes 'org.eclipse.jetty.websocket.javax.server.internal.JavaxWebSocketServerContainer', 'org.eclipse.jetty.websocket.server.JettyWebSocketServerContainer' (OnClassCondition)

   WebSocketServletAutoConfiguration.JettyWebSocketConfiguration:
      Did not match:
         - @ConditionalOnClass did not find required class 'org.eclipse.jetty.websocket.jsr356.server.deploy.WebSocketServerContainerInitializer' (OnClassCondition)

   WebSocketServletAutoConfiguration.UndertowWebSocketConfiguration:
      Did not match:
         - @ConditionalOnClass did not find required class 'io.undertow.websockets.jsr.Bootstrap' (OnClassCondition)

   XADataSourceAutoConfiguration:
      Did not match:
         - @ConditionalOnClass did not find required class 'javax.transaction.TransactionManager' (OnClassCondition)


Exclusions:
-----------

    None


Unconditional classes:
----------------------

    org.springframework.boot.autoconfigure.context.ConfigurationPropertiesAutoConfiguration

    org.springframework.boot.autoconfigure.context.LifecycleAutoConfiguration

    org.springframework.boot.autoconfigure.context.PropertyPlaceholderAutoConfiguration

    org.springframework.boot.autoconfigure.availability.ApplicationAvailabilityAutoConfiguration

    org.springframework.boot.autoconfigure.info.ProjectInfoAutoConfiguration



2026-02-03 20:14:41.254  INFO 4236 --- [           main] team.javaee.RhythmGameApplication        : Started RhythmGameApplication in 1.631 seconds (JVM running for 1.872)
2026-02-03 20:14:41.255 DEBUG 4236 --- [           main] o.s.b.a.ApplicationAvailabilityBean      : Application availability state LivenessState changed to CORRECT
2026-02-03 20:14:41.255 DEBUG 4236 --- [           main] o.s.b.a.ApplicationAvailabilityBean      : Application availability state ReadinessState changed to ACCEPTING_TRAFFIC
2026-02-03 20:14:41.597  INFO 4236 --- [nio-8090-exec-1] o.a.c.c.C.[Tomcat].[localhost].[/]       : Initializing Spring DispatcherServlet 'dispatcherServlet'
2026-02-03 20:14:41.597  INFO 4236 --- [nio-8090-exec-1] o.s.web.servlet.DispatcherServlet        : Initializing Servlet 'dispatcherServlet'
2026-02-03 20:14:41.597 DEBUG 4236 --- [nio-8090-exec-1] o.s.web.servlet.DispatcherServlet        : Detected StandardServletMultipartResolver
2026-02-03 20:14:41.597 DEBUG 4236 --- [nio-8090-exec-1] o.s.web.servlet.DispatcherServlet        : Detected AcceptHeaderLocaleResolver
2026-02-03 20:14:41.597 DEBUG 4236 --- [nio-8090-exec-1] o.s.web.servlet.DispatcherServlet        : Detected FixedThemeResolver
2026-02-03 20:14:41.597 DEBUG 4236 --- [nio-8090-exec-1] o.s.web.servlet.DispatcherServlet        : Detected org.springframework.web.servlet.view.DefaultRequestToViewNameTranslator@29e6594a
2026-02-03 20:14:41.597 DEBUG 4236 --- [nio-8090-exec-1] o.s.web.servlet.DispatcherServlet        : Detected org.springframework.web.servlet.support.SessionFlashMapManager@5b9d8cd9
2026-02-03 20:14:41.597 DEBUG 4236 --- [nio-8090-exec-1] o.s.web.servlet.DispatcherServlet        : enableLoggingRequestDetails='false': request parameters and headers will be masked to prevent unsafe logging of potentially sensitive data
2026-02-03 20:14:41.597  INFO 4236 --- [nio-8090-exec-1] o.s.web.servlet.DispatcherServlet        : Completed initialization in 0 ms
2026-02-03 20:14:41.601 DEBUG 4236 --- [nio-8090-exec-1] o.s.web.servlet.DispatcherServlet        : GET "/user/getChart?songId=4", parameters={masked}
2026-02-03 20:14:41.603 DEBUG 4236 --- [nio-8090-exec-1] s.w.s.m.m.a.RequestMappingHandlerMapping : Mapped to team.javaee.controller.UserController#getChart(String)
Creating a new SqlSession
SqlSession [org.apache.ibatis.session.defaults.DefaultSqlSession@389c6c1d] was not registered for synchronization because synchronization is not active
2026-02-03 20:14:41.651  INFO 4236 --- [nio-8090-exec-1] com.zaxxer.hikari.HikariDataSource       : HikariPool-1 - Starting...
2026-02-03 20:14:41.737  INFO 4236 --- [nio-8090-exec-1] com.zaxxer.hikari.HikariDataSource       : HikariPool-1 - Start completed.
JDBC Connection [HikariProxyConnection@2139118505 wrapping com.mysql.cj.jdbc.ConnectionImpl@19b5f7a7] will not be managed by Spring
==>  Preparing: SELECT id,song_name,song_writer,chart_constant,status,play_time,uploader_id,song_cover,default_background,notes_count,loading_text,loaded_text,upload_date,song_length,song_url,bpm,first_beat_delay,version,create_time,update_time FROM song WHERE (id = ?)
==> Parameters: 4(Integer)
<==    Columns: id, song_name, song_writer, chart_constant, status, play_time, uploader_id, song_cover, default_background, notes_count, loading_text, loaded_text, upload_date, song_length, song_url, bpm, first_beat_delay, version, create_time, update_time
<==        Row: 4, 熱愛発覚中, 椎名林檎, 9.0, 2, 34, f732ce64-95c5-44f0-aeb0-823c79fd99b7, http://localhost:8090/netsuai-cover.jpg, http://localhost:8090/netsuai-0.jpg, 164, 热爱发掘中, 发掘完了, 2022-06-15 20:40:46, null, http://localhost:8090/1.wav, 350.0, 3530, 1, 2022-06-15 20:40:46, 2026-02-01 20:49:53
<==      Total: 1
Closing non transactional SqlSession [org.apache.ibatis.session.defaults.DefaultSqlSession@389c6c1d]
Creating a new SqlSession
SqlSession [org.apache.ibatis.session.defaults.DefaultSqlSession@2ca7360f] was not registered for synchronization because synchronization is not active
JDBC Connection [HikariProxyConnection@1498729762 wrapping com.mysql.cj.jdbc.ConnectionImpl@19b5f7a7] will not be managed by Spring
==>  Preparing: SELECT user_id,username,password,potential,is_admin,icon,version,create_time,update_time FROM user WHERE (user_id = ?)
==> Parameters: f732ce64-95c5-44f0-aeb0-823c79fd99b7(String)
<==    Columns: user_id, username, password, potential, is_admin, icon, version, create_time, update_time
<==        Row: f732ce64-95c5-44f0-aeb0-823c79fd99b7, charlot, $2a$10$6e514wXvtFB0IXLJYe70Au.6Uuw/Zs71xwZKMb8KTVknvLQajAQfy, 3.5462, 1, http://localhost:8090/WechatIMG591.jpeg, 1, 2022-06-15 20:40:39, 2026-02-01 20:49:53
<==      Total: 1
Closing non transactional SqlSession [org.apache.ibatis.session.defaults.DefaultSqlSession@2ca7360f]
Creating a new SqlSession
SqlSession [org.apache.ibatis.session.defaults.DefaultSqlSession@4b6d69da] was not registered for synchronization because synchronization is not active
JDBC Connection [HikariProxyConnection@1584343542 wrapping com.mysql.cj.jdbc.ConnectionImpl@19b5f7a7] will not be managed by Spring
==>  Preparing: SELECT id,song_id,name,type,url,create_time,update_time FROM song_asset WHERE (song_id = ?)
==> Parameters: 4(String)
<==    Columns: id, song_id, name, type, url, create_time, update_time
<==        Row: 1, 4, Cover, image, http://localhost:8090/netsuai-cover.jpg, 2026-02-03 11:53:37, 2026-02-03 11:53:37
<==        Row: 16, 4, Default Background, image, http://localhost:8090/netsuai-0.jpg, 2026-02-03 11:53:37, 2026-02-03 11:53:37
<==        Row: 23, 4, Operation BG, image, http://localhost:8090/netsuai-black.jpg, 2026-02-03 11:53:37, 2026-02-03 11:53:37
<==        Row: 24, 4, Operation BG, image, http://localhost:8090/netsuai-1.jpg, 2026-02-03 11:53:37, 2026-02-03 11:53:37
<==        Row: 25, 4, Operation BG, image, http://localhost:8090/netsuai-2.jpg, 2026-02-03 11:53:37, 2026-02-03 11:53:37
<==        Row: 26, 4, Operation BG, image, http://localhost:8090/netsuai-3.jpg, 2026-02-03 11:53:37, 2026-02-03 11:53:37
<==        Row: 27, 4, Operation BG, image, http://localhost:8090/netsuai-4.jpg, 2026-02-03 11:53:37, 2026-02-03 11:53:37
<==        Row: 28, 4, Operation BG, image, http://localhost:8090/netsuai-5.jpg, 2026-02-03 11:53:37, 2026-02-03 11:53:37
<==        Row: 29, 4, Operation BG, image, http://localhost:8090/netsuai-6.jpg, 2026-02-03 11:53:37, 2026-02-03 11:53:37
<==        Row: 30, 4, Operation BG, image, http://localhost:8090/netsuai-7.jpg, 2026-02-03 11:53:37, 2026-02-03 11:53:37
<==        Row: 31, 4, Operation BG, image, http://localhost:8090/netsuai-8.jpg, 2026-02-03 11:53:37, 2026-02-03 11:53:37
<==        Row: 32, 4, Operation BG, image, http://localhost:8090/netsuai-9.jpg, 2026-02-03 11:53:37, 2026-02-03 11:53:37
<==        Row: 33, 4, Operation BG, image, http://localhost:8090/netsuai-10.jpg, 2026-02-03 11:53:37, 2026-02-03 11:53:37
<==      Total: 13
Closing non transactional SqlSession [org.apache.ibatis.session.defaults.DefaultSqlSession@4b6d69da]
2026-02-03 20:14:41.833 DEBUG 4236 --- [nio-8090-exec-1] m.m.a.RequestResponseBodyMethodProcessor : Using 'application/json', given [*/*] and supported [application/json, application/*+json, application/json, application/*+json]
2026-02-03 20:14:41.833 DEBUG 4236 --- [nio-8090-exec-1] m.m.a.RequestResponseBodyMethodProcessor : Writing [{"code":0, "msg":"Success", "data":false}]
2026-02-03 20:14:41.850 DEBUG 4236 --- [nio-8090-exec-1] o.s.web.servlet.DispatcherServlet        : Completed 200 OK
2026-02-03 20:14:41.858 DEBUG 4236 --- [nio-8090-exec-3] o.s.web.servlet.DispatcherServlet        : GET "/user/getChart?songId=6", parameters={masked}
2026-02-03 20:14:41.858 DEBUG 4236 --- [nio-8090-exec-3] s.w.s.m.m.a.RequestMappingHandlerMapping : Mapped to team.javaee.controller.UserController#getChart(String)
Creating a new SqlSession
SqlSession [org.apache.ibatis.session.defaults.DefaultSqlSession@2402f846] was not registered for synchronization because synchronization is not active
JDBC Connection [HikariProxyConnection@1811417229 wrapping com.mysql.cj.jdbc.ConnectionImpl@19b5f7a7] will not be managed by Spring
==>  Preparing: SELECT id,song_name,song_writer,chart_constant,status,play_time,uploader_id,song_cover,default_background,notes_count,loading_text,loaded_text,upload_date,song_length,song_url,bpm,first_beat_delay,version,create_time,update_time FROM song WHERE (id = ?)
==> Parameters: 6(Integer)
<==    Columns: id, song_name, song_writer, chart_constant, status, play_time, uploader_id, song_cover, default_background, notes_count, loading_text, loaded_text, upload_date, song_length, song_url, bpm, first_beat_delay, version, create_time, update_time
<==        Row: 6, world.execute(me);, Mili, 9.0, 2, 8, f732ce64-95c5-44f0-aeb0-823c79fd99b7, http://localhost:8090/world-execute-me-cover.jpg, http://localhost:8090/world-execute-me-0.PNG, 244, 世界处刑中……, 处刑完毕, 2022-06-16 09:28:46, null, http://localhost:8090/2.wav, null, null, 1, 2022-06-16 09:28:46, 2022-07-30 18:50:38
<==      Total: 1
Closing non transactional SqlSession [org.apache.ibatis.session.defaults.DefaultSqlSession@2402f846]
Creating a new SqlSession
SqlSession [org.apache.ibatis.session.defaults.DefaultSqlSession@5a596479] was not registered for synchronization because synchronization is not active
JDBC Connection [HikariProxyConnection@541077287 wrapping com.mysql.cj.jdbc.ConnectionImpl@19b5f7a7] will not be managed by Spring
==>  Preparing: SELECT user_id,username,password,potential,is_admin,icon,version,create_time,update_time FROM user WHERE (user_id = ?)
==> Parameters: f732ce64-95c5-44f0-aeb0-823c79fd99b7(String)
<==    Columns: user_id, username, password, potential, is_admin, icon, version, create_time, update_time
<==        Row: f732ce64-95c5-44f0-aeb0-823c79fd99b7, charlot, $2a$10$6e514wXvtFB0IXLJYe70Au.6Uuw/Zs71xwZKMb8KTVknvLQajAQfy, 3.5462, 1, http://localhost:8090/WechatIMG591.jpeg, 1, 2022-06-15 20:40:39, 2026-02-01 20:49:53
<==      Total: 1
Closing non transactional SqlSession [org.apache.ibatis.session.defaults.DefaultSqlSession@5a596479]
Creating a new SqlSession
SqlSession [org.apache.ibatis.session.defaults.DefaultSqlSession@bb7eb39] was not registered for synchronization because synchronization is not active
JDBC Connection [HikariProxyConnection@442248346 wrapping com.mysql.cj.jdbc.ConnectionImpl@19b5f7a7] will not be managed by Spring
==>  Preparing: SELECT id,song_id,name,type,url,create_time,update_time FROM song_asset WHERE (song_id = ?)
==> Parameters: 6(String)
<==    Columns: id, song_id, name, type, url, create_time, update_time
<==        Row: 2, 6, Cover, image, http://localhost:8090/world-execute-me-cover.jpg, 2026-02-03 11:53:37, 2026-02-03 11:53:37
<==        Row: 17, 6, Default Background, image, http://localhost:8090/world-execute-me-0.PNG, 2026-02-03 11:53:37, 2026-02-03 11:53:37
<==        Row: 34, 6, Operation BG, image, http://localhost:8090/world-execute-me-1.PNG, 2026-02-03 11:53:37, 2026-02-03 11:53:37
<==        Row: 35, 6, Operation BG, image, http://localhost:8090/world-execute-me-2.PNG, 2026-02-03 11:53:37, 2026-02-03 11:53:37
<==        Row: 36, 6, Operation BG, image, http://localhost:8090/world-execute-me-3.PNG, 2026-02-03 11:53:37, 2026-02-03 11:53:37
<==        Row: 37, 6, Operation BG, image, http://localhost:8090/world-execute-me-4.PNG, 2026-02-03 11:53:37, 2026-02-03 11:53:37
<==        Row: 38, 6, Operation BG, image, http://localhost:8090/world-execute-me-5.PNG, 2026-02-03 11:53:37, 2026-02-03 11:53:37
<==        Row: 39, 6, Operation BG, image, http://localhost:8090/world-execute-me-6.PNG, 2026-02-03 11:53:37, 2026-02-03 11:53:37
<==        Row: 40, 6, Operation BG, image, http://localhost:8090/world-execute-me-7.PNG, 2026-02-03 11:53:37, 2026-02-03 11:53:37
<==        Row: 41, 6, Operation BG, image, http://localhost:8090/world-execute-me-8.PNG, 2026-02-03 11:53:37, 2026-02-03 11:53:37
<==        Row: 42, 6, Operation BG, image, http://localhost:8090/world-execute-me-9.PNG, 2026-02-03 11:53:37, 2026-02-03 11:53:37
<==        Row: 43, 6, Operation BG, image, http://localhost:8090/world-execute-me-10.PNG, 2026-02-03 11:53:37, 2026-02-03 11:53:37
<==        Row: 44, 6, Operation BG, image, http://localhost:8090/world-execute-me-11.PNG, 2026-02-03 11:53:37, 2026-02-03 11:53:37
<==        Row: 45, 6, Operation BG, image, http://localhost:8090/world-execute-me-12.PNG, 2026-02-03 11:53:37, 2026-02-03 11:53:37
<==        Row: 46, 6, Operation BG, image, http://localhost:8090/world-execute-me-13.PNG, 2026-02-03 11:53:37, 2026-02-03 11:53:37
<==        Row: 47, 6, Operation BG, image, http://localhost:8090/world-execute-me-14.PNG, 2026-02-03 11:53:37, 2026-02-03 11:53:37
<==        Row: 48, 6, Operation BG, image, http://localhost:8090/world-execute-me-15.PNG, 2026-02-03 11:53:37, 2026-02-03 11:53:37
<==        Row: 49, 6, Operation BG, image, http://localhost:8090/world-execute-me-16.PNG, 2026-02-03 11:53:37, 2026-02-03 11:53:37
<==        Row: 50, 6, Operation BG, image, http://localhost:8090/world-execute-me-17.PNG, 2026-02-03 11:53:37, 2026-02-03 11:53:37
<==        Row: 51, 6, Operation BG, image, http://localhost:8090/world-execute-me-18.PNG, 2026-02-03 11:53:37, 2026-02-03 11:53:37
<==        Row: 52, 6, Operation BG, image, http://localhost:8090/world-execute-me-19.PNG, 2026-02-03 11:53:37, 2026-02-03 11:53:37
<==        Row: 53, 6, Operation BG, image, http://localhost:8090/world-execute-me-20.PNG, 2026-02-03 11:53:37, 2026-02-03 11:53:37
<==        Row: 54, 6, Operation BG, image, http://localhost:8090/world-execute-me-21.PNG, 2026-02-03 11:53:37, 2026-02-03 11:53:37
<==        Row: 55, 6, Operation BG, image, http://localhost:8090/world-execute-me-22.PNG, 2026-02-03 11:53:37, 2026-02-03 11:53:37
<==        Row: 56, 6, Operation BG, image, http://localhost:8090/world-execute-me-23.PNG, 2026-02-03 11:53:37, 2026-02-03 11:53:37
<==        Row: 57, 6, Operation BG, image, http://localhost:8090/world-execute-me-24.PNG, 2026-02-03 11:53:37, 2026-02-03 11:53:37
<==        Row: 58, 6, Operation BG, image, http://localhost:8090/world-execute-me-25.PNG, 2026-02-03 11:53:37, 2026-02-03 11:53:37
<==        Row: 59, 6, Operation BG, image, http://localhost:8090/world-execute-me-26.PNG, 2026-02-03 11:53:37, 2026-02-03 11:53:37
<==        Row: 60, 6, Operation BG, image, http://localhost:8090/world-execute-me-27.PNG, 2026-02-03 11:53:37, 2026-02-03 11:53:37
<==        Row: 61, 6, Operation BG, image, http://localhost:8090/world-execute-me-28.PNG, 2026-02-03 11:53:37, 2026-02-03 11:53:37
<==        Row: 62, 6, Operation BG, image, http://localhost:8090/world-execute-me-29.PNG, 2026-02-03 11:53:37, 2026-02-03 11:53:37
<==        Row: 63, 6, Operation BG, image, http://localhost:8090/world-execute-me-30.PNG, 2026-02-03 11:53:37, 2026-02-03 11:53:37
<==      Total: 32
Closing non transactional SqlSession [org.apache.ibatis.session.defaults.DefaultSqlSession@bb7eb39]
2026-02-03 20:14:41.873 DEBUG 4236 --- [nio-8090-exec-3] m.m.a.RequestResponseBodyMethodProcessor : Using 'application/json', given [*/*] and supported [application/json, application/*+json, application/json, application/*+json]
2026-02-03 20:14:41.873 DEBUG 4236 --- [nio-8090-exec-3] m.m.a.RequestResponseBodyMethodProcessor : Writing [{"code":0, "msg":"Success", "data":false}]
2026-02-03 20:14:41.875 DEBUG 4236 --- [nio-8090-exec-3] o.s.web.servlet.DispatcherServlet        : Completed 200 OK
2026-02-03 20:14:41.878 DEBUG 4236 --- [nio-8090-exec-5] o.s.web.servlet.DispatcherServlet        : GET "/user/getAllCharts", parameters={}
2026-02-03 20:14:41.878 DEBUG 4236 --- [nio-8090-exec-5] s.w.s.m.m.a.RequestMappingHandlerMapping : Mapped to team.javaee.controller.UserController#getAllCharts()
Creating a new SqlSession
SqlSession [org.apache.ibatis.session.defaults.DefaultSqlSession@a4f8500] was not registered for synchronization because synchronization is not active
JDBC Connection [HikariProxyConnection@2127099754 wrapping com.mysql.cj.jdbc.ConnectionImpl@19b5f7a7] will not be managed by Spring
==>  Preparing: SELECT id,song_name,song_writer,chart_constant,status,play_time,uploader_id,song_cover,default_background,notes_count,loading_text,loaded_text,upload_date,song_length,song_url,bpm,first_beat_delay,version,create_time,update_time FROM song WHERE (status = ?)
==> Parameters: 1(String)
<==    Columns: id, song_name, song_writer, chart_constant, status, play_time, uploader_id, song_cover, default_background, notes_count, loading_text, loaded_text, upload_date, song_length, song_url, bpm, first_beat_delay, version, create_time, update_time
<==        Row: 9, 羊胎素, 斯琴高娃&袁立, 8.0, 1, 0, f732ce64-95c5-44f0-aeb0-823c79fd99b7, http://localhost:8090/yts-cover.jpg, http://localhost:8090/yts-0.jpg, 95, 斯琴高娃老师打羊胎素中……, 打完了，哦这是可以说的吗？, 2022-06-16 11:19:30, null, http://localhost:8090/5.m4a, 1.0, 1, 1, 2022-06-16 11:19:30, 2022-06-16 14:40:55
<==        Row: 10, 宗教, 111, 0.0, 1, 0, 52dfcbef-4f71-4c13-b474-6a5af9681342, http://p1.music.126.net/JuG-UsZRUC3o0v4WKPTgoA==/109951164185701536.jpg, http://p1.music.126.net/JuG-UsZRUC3o0v4WKPTgoA==/109951164185701536.jpg, 0, , , 2022-06-16 13:42:57, null, , null, null, 1, 2022-06-16 13:42:57, 2022-06-16 13:43:58
<==        Row: 11, 杀死那个石家庄人, 万能青年旅店, 0.0, 1, 0, b28586b7-8bc6-4824-a645-c70f040e2fca, http://p2.music.126.net/W1kczDCB4-r-uNAznD1ljg==/108851651165850.jpg?param=130y130, http://p2.music.126.net/W1kczDCB4-r-uNAznD1ljg==/108851651165850.jpg?param=130y130, 0, , , 2022-06-16 13:46:19, null, , null, null, 1, 2022-06-16 13:46:19, 2022-06-16 13:52:33
<==        Row: 12, まつり, 藤井風, 0.0, 1, 0, b28586b7-8bc6-4824-a645-c70f040e2fca, http://p2.music.126.net/jR5BzhC9k2KwPpAEQT3sJg==/109951167183618536.jpg, http://p2.music.126.net/jR5BzhC9k2KwPpAEQT3sJg==/109951167183618536.jpg, 0, , , 2022-06-16 13:47:35, null, , null, null, 1, 2022-06-16 13:47:35, 2022-06-16 13:52:36
<==        Row: 13, 深海少女, のぶなが, 0.0, 1, 0, 5e033e52-9f77-4991-acf3-4bbaeee999f3, http://p2.music.126.net/tpqIHupzaqlFaHawnUYlOA==/18722483998223156.jpg?param=130y130, http://p2.music.126.net/tpqIHupzaqlFaHawnUYlOA==/18722483998223156.jpg?param=130y130, 0, , , 2022-06-16 13:51:59, null, , null, null, 1, 2022-06-16 13:51:59, 2022-06-16 13:52:16
<==      Total: 5
Closing non transactional SqlSession [org.apache.ibatis.session.defaults.DefaultSqlSession@a4f8500]
Creating a new SqlSession
SqlSession [org.apache.ibatis.session.defaults.DefaultSqlSession@2b2cbea9] was not registered for synchronization because synchronization is not active
JDBC Connection [HikariProxyConnection@1055913064 wrapping com.mysql.cj.jdbc.ConnectionImpl@19b5f7a7] will not be managed by Spring
==>  Preparing: SELECT id,song_name,song_writer,chart_constant,status,play_time,uploader_id,song_cover,default_background,notes_count,loading_text,loaded_text,upload_date,song_length,song_url,bpm,first_beat_delay,version,create_time,update_time FROM song WHERE (status = ?)
==> Parameters: 2(String)
<==    Columns: id, song_name, song_writer, chart_constant, status, play_time, uploader_id, song_cover, default_background, notes_count, loading_text, loaded_text, upload_date, song_length, song_url, bpm, first_beat_delay, version, create_time, update_time
<==        Row: 4, 熱愛発覚中, 椎名林檎, 9.0, 2, 34, f732ce64-95c5-44f0-aeb0-823c79fd99b7, http://localhost:8090/netsuai-cover.jpg, http://localhost:8090/netsuai-0.jpg, 164, 热爱发掘中, 发掘完了, 2022-06-15 20:40:46, null, http://localhost:8090/1.wav, 350.0, 3530, 1, 2022-06-15 20:40:46, 2026-02-01 20:49:53
<==        Row: 6, world.execute(me);, Mili, 9.0, 2, 8, f732ce64-95c5-44f0-aeb0-823c79fd99b7, http://localhost:8090/world-execute-me-cover.jpg, http://localhost:8090/world-execute-me-0.PNG, 244, 世界处刑中……, 处刑完毕, 2022-06-16 09:28:46, null, http://localhost:8090/2.wav, null, null, 1, 2022-06-16 09:28:46, 2022-07-30 18:50:38
<==        Row: 7, AegleSeeker, Silentroom vs Frums, 11.0, 2, 5, f732ce64-95c5-44f0-aeb0-823c79fd99b7, http://localhost:8090/aegle-cover.jpg, http://localhost:8090/aegle-0.JPG, 356, And in that light……, You will find deliverance., 2022-06-16 10:01:48, null, http://localhost:8090/4.wav, null, null, 1, 2022-06-16 10:01:48, 2022-06-16 23:07:20
<==        Row: 8, 迷える音色は恋の唄, はるの, 11.0, 2, 6, f732ce64-95c5-44f0-aeb0-823c79fd99b7, http://localhost:8090/koinouta-cover.jpg, http://localhost:8090/koinouta-0.jpg, 242, ほら、きっと、そう見えるかな……, 迷える音色は恋の唄, 2022-06-16 10:29:24, null, http://localhost:8090/3.wav, 1.0, 0, 1, 2022-06-16 10:29:24, 2022-06-16 23:05:35
<==      Total: 4
Closing non transactional SqlSession [org.apache.ibatis.session.defaults.DefaultSqlSession@2b2cbea9]
2026-02-03 20:14:41.887 DEBUG 4236 --- [nio-8090-exec-5] m.m.a.RequestResponseBodyMethodProcessor : Using 'application/json', given [*/*] and supported [application/json, application/*+json, application/json, application/*+json]
2026-02-03 20:14:41.887 DEBUG 4236 --- [nio-8090-exec-5] m.m.a.RequestResponseBodyMethodProcessor : Writing [{"code":0, "msg":"Success", "data":false}]
2026-02-03 20:14:41.888 DEBUG 4236 --- [nio-8090-exec-5] o.s.web.servlet.DispatcherServlet        : Completed 200 OK
2026-02-03 20:14:41.891 DEBUG 4236 --- [nio-8090-exec-7] o.s.web.servlet.DispatcherServlet        : POST "/user/getPublicCharts", parameters={}
2026-02-03 20:14:41.892 DEBUG 4236 --- [nio-8090-exec-7] s.w.s.m.m.a.RequestMappingHandlerMapping : Mapped to team.javaee.controller.UserController#getPublicCharts(HttpServletRequest, PublicChartsDTO)
2026-02-03 20:14:41.895 DEBUG 4236 --- [nio-8090-exec-7] m.m.a.RequestResponseBodyMethodProcessor : Read "application/json;charset=UTF-8" to [PublicChartsDTO(status=1, searchType=null, searchContent=null, sortType=null, sortWay=null)]
Creating a new SqlSession
SqlSession [org.apache.ibatis.session.defaults.DefaultSqlSession@33a270a5] was not registered for synchronization because synchronization is not active
JDBC Connection [HikariProxyConnection@1538482174 wrapping com.mysql.cj.jdbc.ConnectionImpl@19b5f7a7] will not be managed by Spring
==>  Preparing: SELECT id,song_name,song_writer,chart_constant,status,play_time,uploader_id,song_cover,default_background,notes_count,loading_text,loaded_text,upload_date,song_length,song_url,bpm,first_beat_delay,version,create_time,update_time FROM song WHERE (status = ?)
==> Parameters: 1(String)
<==    Columns: id, song_name, song_writer, chart_constant, status, play_time, uploader_id, song_cover, default_background, notes_count, loading_text, loaded_text, upload_date, song_length, song_url, bpm, first_beat_delay, version, create_time, update_time
<==        Row: 9, 羊胎素, 斯琴高娃&袁立, 8.0, 1, 0, f732ce64-95c5-44f0-aeb0-823c79fd99b7, http://localhost:8090/yts-cover.jpg, http://localhost:8090/yts-0.jpg, 95, 斯琴高娃老师打羊胎素中……, 打完了，哦这是可以说的吗？, 2022-06-16 11:19:30, null, http://localhost:8090/5.m4a, 1.0, 1, 1, 2022-06-16 11:19:30, 2022-06-16 14:40:55
<==        Row: 10, 宗教, 111, 0.0, 1, 0, 52dfcbef-4f71-4c13-b474-6a5af9681342, http://p1.music.126.net/JuG-UsZRUC3o0v4WKPTgoA==/109951164185701536.jpg, http://p1.music.126.net/JuG-UsZRUC3o0v4WKPTgoA==/109951164185701536.jpg, 0, , , 2022-06-16 13:42:57, null, , null, null, 1, 2022-06-16 13:42:57, 2022-06-16 13:43:58
<==        Row: 11, 杀死那个石家庄人, 万能青年旅店, 0.0, 1, 0, b28586b7-8bc6-4824-a645-c70f040e2fca, http://p2.music.126.net/W1kczDCB4-r-uNAznD1ljg==/108851651165850.jpg?param=130y130, http://p2.music.126.net/W1kczDCB4-r-uNAznD1ljg==/108851651165850.jpg?param=130y130, 0, , , 2022-06-16 13:46:19, null, , null, null, 1, 2022-06-16 13:46:19, 2022-06-16 13:52:33
<==        Row: 12, まつり, 藤井風, 0.0, 1, 0, b28586b7-8bc6-4824-a645-c70f040e2fca, http://p2.music.126.net/jR5BzhC9k2KwPpAEQT3sJg==/109951167183618536.jpg, http://p2.music.126.net/jR5BzhC9k2KwPpAEQT3sJg==/109951167183618536.jpg, 0, , , 2022-06-16 13:47:35, null, , null, null, 1, 2022-06-16 13:47:35, 2022-06-16 13:52:36
<==        Row: 13, 深海少女, のぶなが, 0.0, 1, 0, 5e033e52-9f77-4991-acf3-4bbaeee999f3, http://p2.music.126.net/tpqIHupzaqlFaHawnUYlOA==/18722483998223156.jpg?param=130y130, http://p2.music.126.net/tpqIHupzaqlFaHawnUYlOA==/18722483998223156.jpg?param=130y130, 0, , , 2022-06-16 13:51:59, null, , null, null, 1, 2022-06-16 13:51:59, 2022-06-16 13:52:16
<==      Total: 5
Closing non transactional SqlSession [org.apache.ibatis.session.defaults.DefaultSqlSession@33a270a5]
Creating a new SqlSession
SqlSession [org.apache.ibatis.session.defaults.DefaultSqlSession@722810b1] was not registered for synchronization because synchronization is not active
JDBC Connection [HikariProxyConnection@822450078 wrapping com.mysql.cj.jdbc.ConnectionImpl@19b5f7a7] will not be managed by Spring
==>  Preparing: SELECT user_id,username,password,potential,is_admin,icon,version,create_time,update_time FROM user WHERE user_id=?
==> Parameters: f732ce64-95c5-44f0-aeb0-823c79fd99b7(String)
<==    Columns: user_id, username, password, potential, is_admin, icon, version, create_time, update_time
<==        Row: f732ce64-95c5-44f0-aeb0-823c79fd99b7, charlot, $2a$10$6e514wXvtFB0IXLJYe70Au.6Uuw/Zs71xwZKMb8KTVknvLQajAQfy, 3.5462, 1, http://localhost:8090/WechatIMG591.jpeg, 1, 2022-06-15 20:40:39, 2026-02-01 20:49:53
<==      Total: 1
Closing non transactional SqlSession [org.apache.ibatis.session.defaults.DefaultSqlSession@722810b1]
Creating a new SqlSession
SqlSession [org.apache.ibatis.session.defaults.DefaultSqlSession@53f7dc63] was not registered for synchronization because synchronization is not active
JDBC Connection [HikariProxyConnection@1314068708 wrapping com.mysql.cj.jdbc.ConnectionImpl@19b5f7a7] will not be managed by Spring
==>  Preparing: SELECT id,song_id,user_id,score,pure,far,lost,combo,potential,time,version,create_time,update_time FROM best_record WHERE (song_id = ?)
==> Parameters: 9(Integer)
<==      Total: 0
Closing non transactional SqlSession [org.apache.ibatis.session.defaults.DefaultSqlSession@53f7dc63]
Creating a new SqlSession
SqlSession [org.apache.ibatis.session.defaults.DefaultSqlSession@63faccd5] was not registered for synchronization because synchronization is not active
JDBC Connection [HikariProxyConnection@892894326 wrapping com.mysql.cj.jdbc.ConnectionImpl@19b5f7a7] will not be managed by Spring
==>  Preparing: SELECT user_id,username,password,potential,is_admin,icon,version,create_time,update_time FROM user WHERE user_id=?
==> Parameters: 52dfcbef-4f71-4c13-b474-6a5af9681342(String)
<==    Columns: user_id, username, password, potential, is_admin, icon, version, create_time, update_time
<==        Row: 52dfcbef-4f71-4c13-b474-6a5af9681342, nwh, 123456, 0.0, 0, http://localhost:8090/20220616132309.png, 1, 2022-06-16 13:22:06, 2022-06-16 13:38:03
<==      Total: 1
Closing non transactional SqlSession [org.apache.ibatis.session.defaults.DefaultSqlSession@63faccd5]
Creating a new SqlSession
SqlSession [org.apache.ibatis.session.defaults.DefaultSqlSession@3f8e6872] was not registered for synchronization because synchronization is not active
JDBC Connection [HikariProxyConnection@170362674 wrapping com.mysql.cj.jdbc.ConnectionImpl@19b5f7a7] will not be managed by Spring
==>  Preparing: SELECT id,song_id,user_id,score,pure,far,lost,combo,potential,time,version,create_time,update_time FROM best_record WHERE (song_id = ?)
==> Parameters: 10(Integer)
<==      Total: 0
Closing non transactional SqlSession [org.apache.ibatis.session.defaults.DefaultSqlSession@3f8e6872]
Creating a new SqlSession
SqlSession [org.apache.ibatis.session.defaults.DefaultSqlSession@611699a8] was not registered for synchronization because synchronization is not active
JDBC Connection [HikariProxyConnection@756523008 wrapping com.mysql.cj.jdbc.ConnectionImpl@19b5f7a7] will not be managed by Spring
==>  Preparing: SELECT user_id,username,password,potential,is_admin,icon,version,create_time,update_time FROM user WHERE user_id=?
==> Parameters: b28586b7-8bc6-4824-a645-c70f040e2fca(String)
<==    Columns: user_id, username, password, potential, is_admin, icon, version, create_time, update_time
<==        Row: b28586b7-8bc6-4824-a645-c70f040e2fca, gzf, 123456, 0.988618, 0, http://localhost:8090/20220616132700.png, 1, 2022-06-16 13:33:10, 2022-06-16 13:38:40
<==      Total: 1
Closing non transactional SqlSession [org.apache.ibatis.session.defaults.DefaultSqlSession@611699a8]
Creating a new SqlSession
SqlSession [org.apache.ibatis.session.defaults.DefaultSqlSession@3393dadd] was not registered for synchronization because synchronization is not active
JDBC Connection [HikariProxyConnection@1721618142 wrapping com.mysql.cj.jdbc.ConnectionImpl@19b5f7a7] will not be managed by Spring
==>  Preparing: SELECT id,song_id,user_id,score,pure,far,lost,combo,potential,time,version,create_time,update_time FROM best_record WHERE (song_id = ?)
==> Parameters: 11(Integer)
<==      Total: 0
Closing non transactional SqlSession [org.apache.ibatis.session.defaults.DefaultSqlSession@3393dadd]
Creating a new SqlSession
SqlSession [org.apache.ibatis.session.defaults.DefaultSqlSession@3d1775ec] was not registered for synchronization because synchronization is not active
JDBC Connection [HikariProxyConnection@2123841705 wrapping com.mysql.cj.jdbc.ConnectionImpl@19b5f7a7] will not be managed by Spring
==>  Preparing: SELECT user_id,username,password,potential,is_admin,icon,version,create_time,update_time FROM user WHERE user_id=?
==> Parameters: b28586b7-8bc6-4824-a645-c70f040e2fca(String)
<==    Columns: user_id, username, password, potential, is_admin, icon, version, create_time, update_time
<==        Row: b28586b7-8bc6-4824-a645-c70f040e2fca, gzf, 123456, 0.988618, 0, http://localhost:8090/20220616132700.png, 1, 2022-06-16 13:33:10, 2022-06-16 13:38:40
<==      Total: 1
Closing non transactional SqlSession [org.apache.ibatis.session.defaults.DefaultSqlSession@3d1775ec]
Creating a new SqlSession
SqlSession [org.apache.ibatis.session.defaults.DefaultSqlSession@4deadca2] was not registered for synchronization because synchronization is not active
JDBC Connection [HikariProxyConnection@513477529 wrapping com.mysql.cj.jdbc.ConnectionImpl@19b5f7a7] will not be managed by Spring
==>  Preparing: SELECT id,song_id,user_id,score,pure,far,lost,combo,potential,time,version,create_time,update_time FROM best_record WHERE (song_id = ?)
==> Parameters: 12(Integer)
<==      Total: 0
Closing non transactional SqlSession [org.apache.ibatis.session.defaults.DefaultSqlSession@4deadca2]
Creating a new SqlSession
SqlSession [org.apache.ibatis.session.defaults.DefaultSqlSession@12a40de4] was not registered for synchronization because synchronization is not active
JDBC Connection [HikariProxyConnection@154197214 wrapping com.mysql.cj.jdbc.ConnectionImpl@19b5f7a7] will not be managed by Spring
==>  Preparing: SELECT user_id,username,password,potential,is_admin,icon,version,create_time,update_time FROM user WHERE user_id=?
==> Parameters: 5e033e52-9f77-4991-acf3-4bbaeee999f3(String)
<==    Columns: user_id, username, password, potential, is_admin, icon, version, create_time, update_time
<==        Row: 5e033e52-9f77-4991-acf3-4bbaeee999f3, zzk, 123456, 2.70574, 0, http://localhost:8090/20220616132443.png, 1, 2022-06-16 13:24:06, 2022-06-16 13:32:21
<==      Total: 1
Closing non transactional SqlSession [org.apache.ibatis.session.defaults.DefaultSqlSession@12a40de4]
Creating a new SqlSession
SqlSession [org.apache.ibatis.session.defaults.DefaultSqlSession@6d4ca113] was not registered for synchronization because synchronization is not active
JDBC Connection [HikariProxyConnection@1597327987 wrapping com.mysql.cj.jdbc.ConnectionImpl@19b5f7a7] will not be managed by Spring
==>  Preparing: SELECT id,song_id,user_id,score,pure,far,lost,combo,potential,time,version,create_time,update_time FROM best_record WHERE (song_id = ?)
==> Parameters: 13(Integer)
<==      Total: 0
Closing non transactional SqlSession [org.apache.ibatis.session.defaults.DefaultSqlSession@6d4ca113]
2026-02-03 20:14:41.920 DEBUG 4236 --- [nio-8090-exec-7] m.m.a.RequestResponseBodyMethodProcessor : Using 'application/json', given [*/*] and supported [application/json, application/*+json, application/json, application/*+json]
2026-02-03 20:14:41.920 DEBUG 4236 --- [nio-8090-exec-7] m.m.a.RequestResponseBodyMethodProcessor : Writing [{"code":0, "msg":"Success", "data":false}]
2026-02-03 20:14:41.922 DEBUG 4236 --- [nio-8090-exec-7] o.s.web.servlet.DispatcherServlet        : Completed 200 OK
2026-02-03 20:14:41.930 DEBUG 4236 --- [nio-8090-exec-9] o.s.web.servlet.DispatcherServlet        : POST "/user/getPublicCharts", parameters={}
2026-02-03 20:14:41.930 DEBUG 4236 --- [nio-8090-exec-9] s.w.s.m.m.a.RequestMappingHandlerMapping : Mapped to team.javaee.controller.UserController#getPublicCharts(HttpServletRequest, PublicChartsDTO)
2026-02-03 20:14:41.930 DEBUG 4236 --- [nio-8090-exec-9] m.m.a.RequestResponseBodyMethodProcessor : Read "application/json;charset=UTF-8" to [PublicChartsDTO(status=null, searchType=null, searchContent=null, sortType=null, sortWay=null)]
Creating a new SqlSession
SqlSession [org.apache.ibatis.session.defaults.DefaultSqlSession@166102d7] was not registered for synchronization because synchronization is not active
JDBC Connection [HikariProxyConnection@413597291 wrapping com.mysql.cj.jdbc.ConnectionImpl@19b5f7a7] will not be managed by Spring
==>  Preparing: SELECT id,song_name,song_writer,chart_constant,status,play_time,uploader_id,song_cover,default_background,notes_count,loading_text,loaded_text,upload_date,song_length,song_url,bpm,first_beat_delay,version,create_time,update_time FROM song WHERE (status = ?)
==> Parameters: 1(String)
<==    Columns: id, song_name, song_writer, chart_constant, status, play_time, uploader_id, song_cover, default_background, notes_count, loading_text, loaded_text, upload_date, song_length, song_url, bpm, first_beat_delay, version, create_time, update_time
<==        Row: 9, 羊胎素, 斯琴高娃&袁立, 8.0, 1, 0, f732ce64-95c5-44f0-aeb0-823c79fd99b7, http://localhost:8090/yts-cover.jpg, http://localhost:8090/yts-0.jpg, 95, 斯琴高娃老师打羊胎素中……, 打完了，哦这是可以说的吗？, 2022-06-16 11:19:30, null, http://localhost:8090/5.m4a, 1.0, 1, 1, 2022-06-16 11:19:30, 2022-06-16 14:40:55
<==        Row: 10, 宗教, 111, 0.0, 1, 0, 52dfcbef-4f71-4c13-b474-6a5af9681342, http://p1.music.126.net/JuG-UsZRUC3o0v4WKPTgoA==/109951164185701536.jpg, http://p1.music.126.net/JuG-UsZRUC3o0v4WKPTgoA==/109951164185701536.jpg, 0, , , 2022-06-16 13:42:57, null, , null, null, 1, 2022-06-16 13:42:57, 2022-06-16 13:43:58
<==        Row: 11, 杀死那个石家庄人, 万能青年旅店, 0.0, 1, 0, b28586b7-8bc6-4824-a645-c70f040e2fca, http://p2.music.126.net/W1kczDCB4-r-uNAznD1ljg==/108851651165850.jpg?param=130y130, http://p2.music.126.net/W1kczDCB4-r-uNAznD1ljg==/108851651165850.jpg?param=130y130, 0, , , 2022-06-16 13:46:19, null, , null, null, 1, 2022-06-16 13:46:19, 2022-06-16 13:52:33
<==        Row: 12, まつり, 藤井風, 0.0, 1, 0, b28586b7-8bc6-4824-a645-c70f040e2fca, http://p2.music.126.net/jR5BzhC9k2KwPpAEQT3sJg==/109951167183618536.jpg, http://p2.music.126.net/jR5BzhC9k2KwPpAEQT3sJg==/109951167183618536.jpg, 0, , , 2022-06-16 13:47:35, null, , null, null, 1, 2022-06-16 13:47:35, 2022-06-16 13:52:36
<==        Row: 13, 深海少女, のぶなが, 0.0, 1, 0, 5e033e52-9f77-4991-acf3-4bbaeee999f3, http://p2.music.126.net/tpqIHupzaqlFaHawnUYlOA==/18722483998223156.jpg?param=130y130, http://p2.music.126.net/tpqIHupzaqlFaHawnUYlOA==/18722483998223156.jpg?param=130y130, 0, , , 2022-06-16 13:51:59, null, , null, null, 1, 2022-06-16 13:51:59, 2022-06-16 13:52:16
<==      Total: 5
Closing non transactional SqlSession [org.apache.ibatis.session.defaults.DefaultSqlSession@166102d7]
Creating a new SqlSession
SqlSession [org.apache.ibatis.session.defaults.DefaultSqlSession@599bf450] was not registered for synchronization because synchronization is not active
JDBC Connection [HikariProxyConnection@1207050766 wrapping com.mysql.cj.jdbc.ConnectionImpl@19b5f7a7] will not be managed by Spring
==>  Preparing: SELECT user_id,username,password,potential,is_admin,icon,version,create_time,update_time FROM user WHERE user_id=?
==> Parameters: f732ce64-95c5-44f0-aeb0-823c79fd99b7(String)
<==    Columns: user_id, username, password, potential, is_admin, icon, version, create_time, update_time
<==        Row: f732ce64-95c5-44f0-aeb0-823c79fd99b7, charlot, $2a$10$6e514wXvtFB0IXLJYe70Au.6Uuw/Zs71xwZKMb8KTVknvLQajAQfy, 3.5462, 1, http://localhost:8090/WechatIMG591.jpeg, 1, 2022-06-15 20:40:39, 2026-02-01 20:49:53
<==      Total: 1
Closing non transactional SqlSession [org.apache.ibatis.session.defaults.DefaultSqlSession@599bf450]
Creating a new SqlSession
SqlSession [org.apache.ibatis.session.defaults.DefaultSqlSession@3f8b41ca] was not registered for synchronization because synchronization is not active
JDBC Connection [HikariProxyConnection@1115757235 wrapping com.mysql.cj.jdbc.ConnectionImpl@19b5f7a7] will not be managed by Spring
==>  Preparing: SELECT id,song_id,user_id,score,pure,far,lost,combo,potential,time,version,create_time,update_time FROM best_record WHERE (song_id = ?)
==> Parameters: 9(Integer)
<==      Total: 0
Closing non transactional SqlSession [org.apache.ibatis.session.defaults.DefaultSqlSession@3f8b41ca]
Creating a new SqlSession
SqlSession [org.apache.ibatis.session.defaults.DefaultSqlSession@128d9900] was not registered for synchronization because synchronization is not active
JDBC Connection [HikariProxyConnection@1989537062 wrapping com.mysql.cj.jdbc.ConnectionImpl@19b5f7a7] will not be managed by Spring
==>  Preparing: SELECT user_id,username,password,potential,is_admin,icon,version,create_time,update_time FROM user WHERE user_id=?
==> Parameters: 52dfcbef-4f71-4c13-b474-6a5af9681342(String)
<==    Columns: user_id, username, password, potential, is_admin, icon, version, create_time, update_time
<==        Row: 52dfcbef-4f71-4c13-b474-6a5af9681342, nwh, 123456, 0.0, 0, http://localhost:8090/20220616132309.png, 1, 2022-06-16 13:22:06, 2022-06-16 13:38:03
<==      Total: 1
Closing non transactional SqlSession [org.apache.ibatis.session.defaults.DefaultSqlSession@128d9900]
Creating a new SqlSession
SqlSession [org.apache.ibatis.session.defaults.DefaultSqlSession@ff786ab] was not registered for synchronization because synchronization is not active
JDBC Connection [HikariProxyConnection@1900829644 wrapping com.mysql.cj.jdbc.ConnectionImpl@19b5f7a7] will not be managed by Spring
==>  Preparing: SELECT id,song_id,user_id,score,pure,far,lost,combo,potential,time,version,create_time,update_time FROM best_record WHERE (song_id = ?)
==> Parameters: 10(Integer)
<==      Total: 0
Closing non transactional SqlSession [org.apache.ibatis.session.defaults.DefaultSqlSession@ff786ab]
Creating a new SqlSession
SqlSession [org.apache.ibatis.session.defaults.DefaultSqlSession@4da9d9cb] was not registered for synchronization because synchronization is not active
JDBC Connection [HikariProxyConnection@2128137227 wrapping com.mysql.cj.jdbc.ConnectionImpl@19b5f7a7] will not be managed by Spring
==>  Preparing: SELECT user_id,username,password,potential,is_admin,icon,version,create_time,update_time FROM user WHERE user_id=?
==> Parameters: b28586b7-8bc6-4824-a645-c70f040e2fca(String)
<==    Columns: user_id, username, password, potential, is_admin, icon, version, create_time, update_time
<==        Row: b28586b7-8bc6-4824-a645-c70f040e2fca, gzf, 123456, 0.988618, 0, http://localhost:8090/20220616132700.png, 1, 2022-06-16 13:33:10, 2022-06-16 13:38:40
<==      Total: 1
Closing non transactional SqlSession [org.apache.ibatis.session.defaults.DefaultSqlSession@4da9d9cb]
Creating a new SqlSession
SqlSession [org.apache.ibatis.session.defaults.DefaultSqlSession@3517e0af] was not registered for synchronization because synchronization is not active
JDBC Connection [HikariProxyConnection@927281501 wrapping com.mysql.cj.jdbc.ConnectionImpl@19b5f7a7] will not be managed by Spring
==>  Preparing: SELECT id,song_id,user_id,score,pure,far,lost,combo,potential,time,version,create_time,update_time FROM best_record WHERE (song_id = ?)
==> Parameters: 11(Integer)
<==      Total: 0
Closing non transactional SqlSession [org.apache.ibatis.session.defaults.DefaultSqlSession@3517e0af]
Creating a new SqlSession
SqlSession [org.apache.ibatis.session.defaults.DefaultSqlSession@63d91cbd] was not registered for synchronization because synchronization is not active
JDBC Connection [HikariProxyConnection@192949834 wrapping com.mysql.cj.jdbc.ConnectionImpl@19b5f7a7] will not be managed by Spring
==>  Preparing: SELECT user_id,username,password,potential,is_admin,icon,version,create_time,update_time FROM user WHERE user_id=?
==> Parameters: b28586b7-8bc6-4824-a645-c70f040e2fca(String)
<==    Columns: user_id, username, password, potential, is_admin, icon, version, create_time, update_time
<==        Row: b28586b7-8bc6-4824-a645-c70f040e2fca, gzf, 123456, 0.988618, 0, http://localhost:8090/20220616132700.png, 1, 2022-06-16 13:33:10, 2022-06-16 13:38:40
<==      Total: 1
Closing non transactional SqlSession [org.apache.ibatis.session.defaults.DefaultSqlSession@63d91cbd]
Creating a new SqlSession
SqlSession [org.apache.ibatis.session.defaults.DefaultSqlSession@4530273b] was not registered for synchronization because synchronization is not active
JDBC Connection [HikariProxyConnection@1848109012 wrapping com.mysql.cj.jdbc.ConnectionImpl@19b5f7a7] will not be managed by Spring
==>  Preparing: SELECT id,song_id,user_id,score,pure,far,lost,combo,potential,time,version,create_time,update_time FROM best_record WHERE (song_id = ?)
==> Parameters: 12(Integer)
<==      Total: 0
Closing non transactional SqlSession [org.apache.ibatis.session.defaults.DefaultSqlSession@4530273b]
Creating a new SqlSession
SqlSession [org.apache.ibatis.session.defaults.DefaultSqlSession@785fbfc8] was not registered for synchronization because synchronization is not active
JDBC Connection [HikariProxyConnection@1016223239 wrapping com.mysql.cj.jdbc.ConnectionImpl@19b5f7a7] will not be managed by Spring
==>  Preparing: SELECT user_id,username,password,potential,is_admin,icon,version,create_time,update_time FROM user WHERE user_id=?
==> Parameters: 5e033e52-9f77-4991-acf3-4bbaeee999f3(String)
<==    Columns: user_id, username, password, potential, is_admin, icon, version, create_time, update_time
<==        Row: 5e033e52-9f77-4991-acf3-4bbaeee999f3, zzk, 123456, 2.70574, 0, http://localhost:8090/20220616132443.png, 1, 2022-06-16 13:24:06, 2022-06-16 13:32:21
<==      Total: 1
Closing non transactional SqlSession [org.apache.ibatis.session.defaults.DefaultSqlSession@785fbfc8]
Creating a new SqlSession
SqlSession [org.apache.ibatis.session.defaults.DefaultSqlSession@72ab2adf] was not registered for synchronization because synchronization is not active
JDBC Connection [HikariProxyConnection@1687993916 wrapping com.mysql.cj.jdbc.ConnectionImpl@19b5f7a7] will not be managed by Spring
==>  Preparing: SELECT id,song_id,user_id,score,pure,far,lost,combo,potential,time,version,create_time,update_time FROM best_record WHERE (song_id = ?)
==> Parameters: 13(Integer)
<==      Total: 0
Closing non transactional SqlSession [org.apache.ibatis.session.defaults.DefaultSqlSession@72ab2adf]
2026-02-03 20:14:41.948 DEBUG 4236 --- [nio-8090-exec-9] m.m.a.RequestResponseBodyMethodProcessor : Using 'application/json', given [*/*] and supported [application/json, application/*+json, application/json, application/*+json]
2026-02-03 20:14:41.948 DEBUG 4236 --- [nio-8090-exec-9] m.m.a.RequestResponseBodyMethodProcessor : Writing [{"code":0, "msg":"Success", "data":false}]
2026-02-03 20:14:41.948 DEBUG 4236 --- [nio-8090-exec-9] o.s.web.servlet.DispatcherServlet        : Completed 200 OK
2026-02-03 20:16:06.223 DEBUG 4236 --- [nio-8090-exec-1] o.s.web.servlet.DispatcherServlet        : GET "/user/getChart?songId=4", parameters={masked}
2026-02-03 20:16:06.224 DEBUG 4236 --- [nio-8090-exec-1] s.w.s.m.m.a.RequestMappingHandlerMapping : Mapped to team.javaee.controller.UserController#getChart(String)
Creating a new SqlSession
SqlSession [org.apache.ibatis.session.defaults.DefaultSqlSession@52d050fc] was not registered for synchronization because synchronization is not active
JDBC Connection [HikariProxyConnection@1700835969 wrapping com.mysql.cj.jdbc.ConnectionImpl@19b5f7a7] will not be managed by Spring
==>  Preparing: SELECT id,song_name,song_writer,chart_constant,status,play_time,uploader_id,song_cover,default_background,notes_count,loading_text,loaded_text,upload_date,song_length,song_url,bpm,first_beat_delay,version,create_time,update_time FROM song WHERE (id = ?)
==> Parameters: 4(Integer)
<==    Columns: id, song_name, song_writer, chart_constant, status, play_time, uploader_id, song_cover, default_background, notes_count, loading_text, loaded_text, upload_date, song_length, song_url, bpm, first_beat_delay, version, create_time, update_time
<==        Row: 4, 熱愛発覚中, 椎名林檎, 9.0, 2, 34, f732ce64-95c5-44f0-aeb0-823c79fd99b7, http://localhost:8090/netsuai-cover.jpg, http://localhost:8090/netsuai-0.jpg, 164, 热爱发掘中, 发掘完了, 2022-06-15 20:40:46, null, http://localhost:8090/1.wav, 350.0, 3530, 1, 2022-06-15 20:40:46, 2026-02-01 20:49:53
<==      Total: 1
Closing non transactional SqlSession [org.apache.ibatis.session.defaults.DefaultSqlSession@52d050fc]
Creating a new SqlSession
SqlSession [org.apache.ibatis.session.defaults.DefaultSqlSession@66d64c1f] was not registered for synchronization because synchronization is not active
JDBC Connection [HikariProxyConnection@1898515523 wrapping com.mysql.cj.jdbc.ConnectionImpl@19b5f7a7] will not be managed by Spring
==>  Preparing: SELECT user_id,username,password,potential,is_admin,icon,version,create_time,update_time FROM user WHERE (user_id = ?)
==> Parameters: f732ce64-95c5-44f0-aeb0-823c79fd99b7(String)
<==    Columns: user_id, username, password, potential, is_admin, icon, version, create_time, update_time
<==        Row: f732ce64-95c5-44f0-aeb0-823c79fd99b7, charlot, $2a$10$6e514wXvtFB0IXLJYe70Au.6Uuw/Zs71xwZKMb8KTVknvLQajAQfy, 3.5462, 1, http://localhost:8090/WechatIMG591.jpeg, 1, 2022-06-15 20:40:39, 2026-02-01 20:49:53
<==      Total: 1
Closing non transactional SqlSession [org.apache.ibatis.session.defaults.DefaultSqlSession@66d64c1f]
Creating a new SqlSession
SqlSession [org.apache.ibatis.session.defaults.DefaultSqlSession@1e1d1602] was not registered for synchronization because synchronization is not active
JDBC Connection [HikariProxyConnection@1733985286 wrapping com.mysql.cj.jdbc.ConnectionImpl@19b5f7a7] will not be managed by Spring
==>  Preparing: SELECT id,song_id,name,type,url,create_time,update_time FROM song_asset WHERE (song_id = ?)
==> Parameters: 4(String)
<==    Columns: id, song_id, name, type, url, create_time, update_time
<==        Row: 1, 4, Cover, image, http://localhost:8090/netsuai-cover.jpg, 2026-02-03 11:53:37, 2026-02-03 11:53:37
<==        Row: 16, 4, Default Background, image, http://localhost:8090/netsuai-0.jpg, 2026-02-03 11:53:37, 2026-02-03 11:53:37
<==        Row: 23, 4, Operation BG, image, http://localhost:8090/netsuai-black.jpg, 2026-02-03 11:53:37, 2026-02-03 11:53:37
<==        Row: 24, 4, Operation BG, image, http://localhost:8090/netsuai-1.jpg, 2026-02-03 11:53:37, 2026-02-03 11:53:37
<==        Row: 25, 4, Operation BG, image, http://localhost:8090/netsuai-2.jpg, 2026-02-03 11:53:37, 2026-02-03 11:53:37
<==        Row: 26, 4, Operation BG, image, http://localhost:8090/netsuai-3.jpg, 2026-02-03 11:53:37, 2026-02-03 11:53:37
<==        Row: 27, 4, Operation BG, image, http://localhost:8090/netsuai-4.jpg, 2026-02-03 11:53:37, 2026-02-03 11:53:37
<==        Row: 28, 4, Operation BG, image, http://localhost:8090/netsuai-5.jpg, 2026-02-03 11:53:37, 2026-02-03 11:53:37
<==        Row: 29, 4, Operation BG, image, http://localhost:8090/netsuai-6.jpg, 2026-02-03 11:53:37, 2026-02-03 11:53:37
<==        Row: 30, 4, Operation BG, image, http://localhost:8090/netsuai-7.jpg, 2026-02-03 11:53:37, 2026-02-03 11:53:37
<==        Row: 31, 4, Operation BG, image, http://localhost:8090/netsuai-8.jpg, 2026-02-03 11:53:37, 2026-02-03 11:53:37
<==        Row: 32, 4, Operation BG, image, http://localhost:8090/netsuai-9.jpg, 2026-02-03 11:53:37, 2026-02-03 11:53:37
<==        Row: 33, 4, Operation BG, image, http://localhost:8090/netsuai-10.jpg, 2026-02-03 11:53:37, 2026-02-03 11:53:37
<==      Total: 13
Closing non transactional SqlSession [org.apache.ibatis.session.defaults.DefaultSqlSession@1e1d1602]
2026-02-03 20:16:06.244 DEBUG 4236 --- [nio-8090-exec-1] m.m.a.RequestResponseBodyMethodProcessor : Using 'application/json', given [*/*] and supported [application/json, application/*+json, application/json, application/*+json]
2026-02-03 20:16:06.244 DEBUG 4236 --- [nio-8090-exec-1] m.m.a.RequestResponseBodyMethodProcessor : Writing [{"code":0, "msg":"Success", "data":false}]
2026-02-03 20:16:06.245 DEBUG 4236 --- [nio-8090-exec-1] o.s.web.servlet.DispatcherServlet        : Completed 200 OK
2026-02-03 20:16:06.250 DEBUG 4236 --- [nio-8090-exec-3] o.s.web.servlet.DispatcherServlet        : GET "/user/getChart?songId=6", parameters={masked}
2026-02-03 20:16:06.250 DEBUG 4236 --- [nio-8090-exec-3] s.w.s.m.m.a.RequestMappingHandlerMapping : Mapped to team.javaee.controller.UserController#getChart(String)
Creating a new SqlSession
SqlSession [org.apache.ibatis.session.defaults.DefaultSqlSession@2cd519a3] was not registered for synchronization because synchronization is not active
JDBC Connection [HikariProxyConnection@1110869301 wrapping com.mysql.cj.jdbc.ConnectionImpl@19b5f7a7] will not be managed by Spring
==>  Preparing: SELECT id,song_name,song_writer,chart_constant,status,play_time,uploader_id,song_cover,default_background,notes_count,loading_text,loaded_text,upload_date,song_length,song_url,bpm,first_beat_delay,version,create_time,update_time FROM song WHERE (id = ?)
==> Parameters: 6(Integer)
<==    Columns: id, song_name, song_writer, chart_constant, status, play_time, uploader_id, song_cover, default_background, notes_count, loading_text, loaded_text, upload_date, song_length, song_url, bpm, first_beat_delay, version, create_time, update_time
<==        Row: 6, world.execute(me);, Mili, 9.0, 2, 8, f732ce64-95c5-44f0-aeb0-823c79fd99b7, http://localhost:8090/world-execute-me-cover.jpg, http://localhost:8090/world-execute-me-0.PNG, 244, 世界处刑中……, 处刑完毕, 2022-06-16 09:28:46, null, http://localhost:8090/2.wav, null, null, 1, 2022-06-16 09:28:46, 2022-07-30 18:50:38
<==      Total: 1
Closing non transactional SqlSession [org.apache.ibatis.session.defaults.DefaultSqlSession@2cd519a3]
Creating a new SqlSession
SqlSession [org.apache.ibatis.session.defaults.DefaultSqlSession@4914d2cc] was not registered for synchronization because synchronization is not active
JDBC Connection [HikariProxyConnection@1292419660 wrapping com.mysql.cj.jdbc.ConnectionImpl@19b5f7a7] will not be managed by Spring
==>  Preparing: SELECT user_id,username,password,potential,is_admin,icon,version,create_time,update_time FROM user WHERE (user_id = ?)
==> Parameters: f732ce64-95c5-44f0-aeb0-823c79fd99b7(String)
<==    Columns: user_id, username, password, potential, is_admin, icon, version, create_time, update_time
<==        Row: f732ce64-95c5-44f0-aeb0-823c79fd99b7, charlot, $2a$10$6e514wXvtFB0IXLJYe70Au.6Uuw/Zs71xwZKMb8KTVknvLQajAQfy, 3.5462, 1, http://localhost:8090/WechatIMG591.jpeg, 1, 2022-06-15 20:40:39, 2026-02-01 20:49:53
<==      Total: 1
Closing non transactional SqlSession [org.apache.ibatis.session.defaults.DefaultSqlSession@4914d2cc]
Creating a new SqlSession
SqlSession [org.apache.ibatis.session.defaults.DefaultSqlSession@75e89df6] was not registered for synchronization because synchronization is not active
JDBC Connection [HikariProxyConnection@444969781 wrapping com.mysql.cj.jdbc.ConnectionImpl@19b5f7a7] will not be managed by Spring
==>  Preparing: SELECT id,song_id,name,type,url,create_time,update_time FROM song_asset WHERE (song_id = ?)
==> Parameters: 6(String)
<==    Columns: id, song_id, name, type, url, create_time, update_time
<==        Row: 2, 6, Cover, image, http://localhost:8090/world-execute-me-cover.jpg, 2026-02-03 11:53:37, 2026-02-03 11:53:37
<==        Row: 17, 6, Default Background, image, http://localhost:8090/world-execute-me-0.PNG, 2026-02-03 11:53:37, 2026-02-03 11:53:37
<==        Row: 34, 6, Operation BG, image, http://localhost:8090/world-execute-me-1.PNG, 2026-02-03 11:53:37, 2026-02-03 11:53:37
<==        Row: 35, 6, Operation BG, image, http://localhost:8090/world-execute-me-2.PNG, 2026-02-03 11:53:37, 2026-02-03 11:53:37
<==        Row: 36, 6, Operation BG, image, http://localhost:8090/world-execute-me-3.PNG, 2026-02-03 11:53:37, 2026-02-03 11:53:37
<==        Row: 37, 6, Operation BG, image, http://localhost:8090/world-execute-me-4.PNG, 2026-02-03 11:53:37, 2026-02-03 11:53:37
<==        Row: 38, 6, Operation BG, image, http://localhost:8090/world-execute-me-5.PNG, 2026-02-03 11:53:37, 2026-02-03 11:53:37
<==        Row: 39, 6, Operation BG, image, http://localhost:8090/world-execute-me-6.PNG, 2026-02-03 11:53:37, 2026-02-03 11:53:37
<==        Row: 40, 6, Operation BG, image, http://localhost:8090/world-execute-me-7.PNG, 2026-02-03 11:53:37, 2026-02-03 11:53:37
<==        Row: 41, 6, Operation BG, image, http://localhost:8090/world-execute-me-8.PNG, 2026-02-03 11:53:37, 2026-02-03 11:53:37
<==        Row: 42, 6, Operation BG, image, http://localhost:8090/world-execute-me-9.PNG, 2026-02-03 11:53:37, 2026-02-03 11:53:37
<==        Row: 43, 6, Operation BG, image, http://localhost:8090/world-execute-me-10.PNG, 2026-02-03 11:53:37, 2026-02-03 11:53:37
<==        Row: 44, 6, Operation BG, image, http://localhost:8090/world-execute-me-11.PNG, 2026-02-03 11:53:37, 2026-02-03 11:53:37
<==        Row: 45, 6, Operation BG, image, http://localhost:8090/world-execute-me-12.PNG, 2026-02-03 11:53:37, 2026-02-03 11:53:37
<==        Row: 46, 6, Operation BG, image, http://localhost:8090/world-execute-me-13.PNG, 2026-02-03 11:53:37, 2026-02-03 11:53:37
<==        Row: 47, 6, Operation BG, image, http://localhost:8090/world-execute-me-14.PNG, 2026-02-03 11:53:37, 2026-02-03 11:53:37
<==        Row: 48, 6, Operation BG, image, http://localhost:8090/world-execute-me-15.PNG, 2026-02-03 11:53:37, 2026-02-03 11:53:37
<==        Row: 49, 6, Operation BG, image, http://localhost:8090/world-execute-me-16.PNG, 2026-02-03 11:53:37, 2026-02-03 11:53:37
<==        Row: 50, 6, Operation BG, image, http://localhost:8090/world-execute-me-17.PNG, 2026-02-03 11:53:37, 2026-02-03 11:53:37
<==        Row: 51, 6, Operation BG, image, http://localhost:8090/world-execute-me-18.PNG, 2026-02-03 11:53:37, 2026-02-03 11:53:37
<==        Row: 52, 6, Operation BG, image, http://localhost:8090/world-execute-me-19.PNG, 2026-02-03 11:53:37, 2026-02-03 11:53:37
<==        Row: 53, 6, Operation BG, image, http://localhost:8090/world-execute-me-20.PNG, 2026-02-03 11:53:37, 2026-02-03 11:53:37
<==        Row: 54, 6, Operation BG, image, http://localhost:8090/world-execute-me-21.PNG, 2026-02-03 11:53:37, 2026-02-03 11:53:37
<==        Row: 55, 6, Operation BG, image, http://localhost:8090/world-execute-me-22.PNG, 2026-02-03 11:53:37, 2026-02-03 11:53:37
<==        Row: 56, 6, Operation BG, image, http://localhost:8090/world-execute-me-23.PNG, 2026-02-03 11:53:37, 2026-02-03 11:53:37
<==        Row: 57, 6, Operation BG, image, http://localhost:8090/world-execute-me-24.PNG, 2026-02-03 11:53:37, 2026-02-03 11:53:37
<==        Row: 58, 6, Operation BG, image, http://localhost:8090/world-execute-me-25.PNG, 2026-02-03 11:53:37, 2026-02-03 11:53:37
<==        Row: 59, 6, Operation BG, image, http://localhost:8090/world-execute-me-26.PNG, 2026-02-03 11:53:37, 2026-02-03 11:53:37
<==        Row: 60, 6, Operation BG, image, http://localhost:8090/world-execute-me-27.PNG, 2026-02-03 11:53:37, 2026-02-03 11:53:37
<==        Row: 61, 6, Operation BG, image, http://localhost:8090/world-execute-me-28.PNG, 2026-02-03 11:53:37, 2026-02-03 11:53:37
<==        Row: 62, 6, Operation BG, image, http://localhost:8090/world-execute-me-29.PNG, 2026-02-03 11:53:37, 2026-02-03 11:53:37
<==        Row: 63, 6, Operation BG, image, http://localhost:8090/world-execute-me-30.PNG, 2026-02-03 11:53:37, 2026-02-03 11:53:37
<==      Total: 32
Closing non transactional SqlSession [org.apache.ibatis.session.defaults.DefaultSqlSession@75e89df6]
2026-02-03 20:16:06.265 DEBUG 4236 --- [nio-8090-exec-3] m.m.a.RequestResponseBodyMethodProcessor : Using 'application/json', given [*/*] and supported [application/json, application/*+json, application/json, application/*+json]
2026-02-03 20:16:06.265 DEBUG 4236 --- [nio-8090-exec-3] m.m.a.RequestResponseBodyMethodProcessor : Writing [{"code":0, "msg":"Success", "data":false}]
2026-02-03 20:16:06.266 DEBUG 4236 --- [nio-8090-exec-3] o.s.web.servlet.DispatcherServlet        : Completed 200 OK
2026-02-03 20:16:06.271 DEBUG 4236 --- [nio-8090-exec-5] o.s.web.servlet.DispatcherServlet        : GET "/user/getAllCharts", parameters={}
2026-02-03 20:16:06.271 DEBUG 4236 --- [nio-8090-exec-5] s.w.s.m.m.a.RequestMappingHandlerMapping : Mapped to team.javaee.controller.UserController#getAllCharts()
Creating a new SqlSession
SqlSession [org.apache.ibatis.session.defaults.DefaultSqlSession@46e8a318] was not registered for synchronization because synchronization is not active
JDBC Connection [HikariProxyConnection@1145685264 wrapping com.mysql.cj.jdbc.ConnectionImpl@19b5f7a7] will not be managed by Spring
==>  Preparing: SELECT id,song_name,song_writer,chart_constant,status,play_time,uploader_id,song_cover,default_background,notes_count,loading_text,loaded_text,upload_date,song_length,song_url,bpm,first_beat_delay,version,create_time,update_time FROM song WHERE (status = ?)
==> Parameters: 1(String)
<==    Columns: id, song_name, song_writer, chart_constant, status, play_time, uploader_id, song_cover, default_background, notes_count, loading_text, loaded_text, upload_date, song_length, song_url, bpm, first_beat_delay, version, create_time, update_time
<==        Row: 9, 羊胎素, 斯琴高娃&袁立, 8.0, 1, 0, f732ce64-95c5-44f0-aeb0-823c79fd99b7, http://localhost:8090/yts-cover.jpg, http://localhost:8090/yts-0.jpg, 95, 斯琴高娃老师打羊胎素中……, 打完了，哦这是可以说的吗？, 2022-06-16 11:19:30, null, http://localhost:8090/5.m4a, 1.0, 1, 1, 2022-06-16 11:19:30, 2022-06-16 14:40:55
<==        Row: 10, 宗教, 111, 0.0, 1, 0, 52dfcbef-4f71-4c13-b474-6a5af9681342, http://p1.music.126.net/JuG-UsZRUC3o0v4WKPTgoA==/109951164185701536.jpg, http://p1.music.126.net/JuG-UsZRUC3o0v4WKPTgoA==/109951164185701536.jpg, 0, , , 2022-06-16 13:42:57, null, , null, null, 1, 2022-06-16 13:42:57, 2022-06-16 13:43:58
<==        Row: 11, 杀死那个石家庄人, 万能青年旅店, 0.0, 1, 0, b28586b7-8bc6-4824-a645-c70f040e2fca, http://p2.music.126.net/W1kczDCB4-r-uNAznD1ljg==/108851651165850.jpg?param=130y130, http://p2.music.126.net/W1kczDCB4-r-uNAznD1ljg==/108851651165850.jpg?param=130y130, 0, , , 2022-06-16 13:46:19, null, , null, null, 1, 2022-06-16 13:46:19, 2022-06-16 13:52:33
<==        Row: 12, まつり, 藤井風, 0.0, 1, 0, b28586b7-8bc6-4824-a645-c70f040e2fca, http://p2.music.126.net/jR5BzhC9k2KwPpAEQT3sJg==/109951167183618536.jpg, http://p2.music.126.net/jR5BzhC9k2KwPpAEQT3sJg==/109951167183618536.jpg, 0, , , 2022-06-16 13:47:35, null, , null, null, 1, 2022-06-16 13:47:35, 2022-06-16 13:52:36
<==        Row: 13, 深海少女, のぶなが, 0.0, 1, 0, 5e033e52-9f77-4991-acf3-4bbaeee999f3, http://p2.music.126.net/tpqIHupzaqlFaHawnUYlOA==/18722483998223156.jpg?param=130y130, http://p2.music.126.net/tpqIHupzaqlFaHawnUYlOA==/18722483998223156.jpg?param=130y130, 0, , , 2022-06-16 13:51:59, null, , null, null, 1, 2022-06-16 13:51:59, 2022-06-16 13:52:16
<==      Total: 5
Closing non transactional SqlSession [org.apache.ibatis.session.defaults.DefaultSqlSession@46e8a318]
Creating a new SqlSession
SqlSession [org.apache.ibatis.session.defaults.DefaultSqlSession@1579b31c] was not registered for synchronization because synchronization is not active
JDBC Connection [HikariProxyConnection@378151624 wrapping com.mysql.cj.jdbc.ConnectionImpl@19b5f7a7] will not be managed by Spring
==>  Preparing: SELECT id,song_name,song_writer,chart_constant,status,play_time,uploader_id,song_cover,default_background,notes_count,loading_text,loaded_text,upload_date,song_length,song_url,bpm,first_beat_delay,version,create_time,update_time FROM song WHERE (status = ?)
==> Parameters: 2(String)
<==    Columns: id, song_name, song_writer, chart_constant, status, play_time, uploader_id, song_cover, default_background, notes_count, loading_text, loaded_text, upload_date, song_length, song_url, bpm, first_beat_delay, version, create_time, update_time
<==        Row: 4, 熱愛発覚中, 椎名林檎, 9.0, 2, 34, f732ce64-95c5-44f0-aeb0-823c79fd99b7, http://localhost:8090/netsuai-cover.jpg, http://localhost:8090/netsuai-0.jpg, 164, 热爱发掘中, 发掘完了, 2022-06-15 20:40:46, null, http://localhost:8090/1.wav, 350.0, 3530, 1, 2022-06-15 20:40:46, 2026-02-01 20:49:53
<==        Row: 6, world.execute(me);, Mili, 9.0, 2, 8, f732ce64-95c5-44f0-aeb0-823c79fd99b7, http://localhost:8090/world-execute-me-cover.jpg, http://localhost:8090/world-execute-me-0.PNG, 244, 世界处刑中……, 处刑完毕, 2022-06-16 09:28:46, null, http://localhost:8090/2.wav, null, null, 1, 2022-06-16 09:28:46, 2022-07-30 18:50:38
<==        Row: 7, AegleSeeker, Silentroom vs Frums, 11.0, 2, 5, f732ce64-95c5-44f0-aeb0-823c79fd99b7, http://localhost:8090/aegle-cover.jpg, http://localhost:8090/aegle-0.JPG, 356, And in that light……, You will find deliverance., 2022-06-16 10:01:48, null, http://localhost:8090/4.wav, null, null, 1, 2022-06-16 10:01:48, 2022-06-16 23:07:20
<==        Row: 8, 迷える音色は恋の唄, はるの, 11.0, 2, 6, f732ce64-95c5-44f0-aeb0-823c79fd99b7, http://localhost:8090/koinouta-cover.jpg, http://localhost:8090/koinouta-0.jpg, 242, ほら、きっと、そう見えるかな……, 迷える音色は恋の唄, 2022-06-16 10:29:24, null, http://localhost:8090/3.wav, 1.0, 0, 1, 2022-06-16 10:29:24, 2022-06-16 23:05:35
<==      Total: 4
Closing non transactional SqlSession [org.apache.ibatis.session.defaults.DefaultSqlSession@1579b31c]
2026-02-03 20:16:06.276 DEBUG 4236 --- [nio-8090-exec-5] m.m.a.RequestResponseBodyMethodProcessor : Using 'application/json', given [*/*] and supported [application/json, application/*+json, application/json, application/*+json]
2026-02-03 20:16:06.277 DEBUG 4236 --- [nio-8090-exec-5] m.m.a.RequestResponseBodyMethodProcessor : Writing [{"code":0, "msg":"Success", "data":false}]
2026-02-03 20:16:06.278 DEBUG 4236 --- [nio-8090-exec-5] o.s.web.servlet.DispatcherServlet        : Completed 200 OK
2026-02-03 20:16:06.281 DEBUG 4236 --- [nio-8090-exec-7] o.s.web.servlet.DispatcherServlet        : POST "/user/getPublicCharts", parameters={}
2026-02-03 20:16:06.281 DEBUG 4236 --- [nio-8090-exec-7] s.w.s.m.m.a.RequestMappingHandlerMapping : Mapped to team.javaee.controller.UserController#getPublicCharts(HttpServletRequest, PublicChartsDTO)
2026-02-03 20:16:06.281 DEBUG 4236 --- [nio-8090-exec-7] m.m.a.RequestResponseBodyMethodProcessor : Read "application/json;charset=UTF-8" to [PublicChartsDTO(status=1, searchType=null, searchContent=null, sortType=null, sortWay=null)]
Creating a new SqlSession
SqlSession [org.apache.ibatis.session.defaults.DefaultSqlSession@3253adb4] was not registered for synchronization because synchronization is not active
JDBC Connection [HikariProxyConnection@740787513 wrapping com.mysql.cj.jdbc.ConnectionImpl@19b5f7a7] will not be managed by Spring
==>  Preparing: SELECT id,song_name,song_writer,chart_constant,status,play_time,uploader_id,song_cover,default_background,notes_count,loading_text,loaded_text,upload_date,song_length,song_url,bpm,first_beat_delay,version,create_time,update_time FROM song WHERE (status = ?)
==> Parameters: 1(String)
<==    Columns: id, song_name, song_writer, chart_constant, status, play_time, uploader_id, song_cover, default_background, notes_count, loading_text, loaded_text, upload_date, song_length, song_url, bpm, first_beat_delay, version, create_time, update_time
<==        Row: 9, 羊胎素, 斯琴高娃&袁立, 8.0, 1, 0, f732ce64-95c5-44f0-aeb0-823c79fd99b7, http://localhost:8090/yts-cover.jpg, http://localhost:8090/yts-0.jpg, 95, 斯琴高娃老师打羊胎素中……, 打完了，哦这是可以说的吗？, 2022-06-16 11:19:30, null, http://localhost:8090/5.m4a, 1.0, 1, 1, 2022-06-16 11:19:30, 2022-06-16 14:40:55
<==        Row: 10, 宗教, 111, 0.0, 1, 0, 52dfcbef-4f71-4c13-b474-6a5af9681342, http://p1.music.126.net/JuG-UsZRUC3o0v4WKPTgoA==/109951164185701536.jpg, http://p1.music.126.net/JuG-UsZRUC3o0v4WKPTgoA==/109951164185701536.jpg, 0, , , 2022-06-16 13:42:57, null, , null, null, 1, 2022-06-16 13:42:57, 2022-06-16 13:43:58
<==        Row: 11, 杀死那个石家庄人, 万能青年旅店, 0.0, 1, 0, b28586b7-8bc6-4824-a645-c70f040e2fca, http://p2.music.126.net/W1kczDCB4-r-uNAznD1ljg==/108851651165850.jpg?param=130y130, http://p2.music.126.net/W1kczDCB4-r-uNAznD1ljg==/108851651165850.jpg?param=130y130, 0, , , 2022-06-16 13:46:19, null, , null, null, 1, 2022-06-16 13:46:19, 2022-06-16 13:52:33
<==        Row: 12, まつり, 藤井風, 0.0, 1, 0, b28586b7-8bc6-4824-a645-c70f040e2fca, http://p2.music.126.net/jR5BzhC9k2KwPpAEQT3sJg==/109951167183618536.jpg, http://p2.music.126.net/jR5BzhC9k2KwPpAEQT3sJg==/109951167183618536.jpg, 0, , , 2022-06-16 13:47:35, null, , null, null, 1, 2022-06-16 13:47:35, 2022-06-16 13:52:36
<==        Row: 13, 深海少女, のぶなが, 0.0, 1, 0, 5e033e52-9f77-4991-acf3-4bbaeee999f3, http://p2.music.126.net/tpqIHupzaqlFaHawnUYlOA==/18722483998223156.jpg?param=130y130, http://p2.music.126.net/tpqIHupzaqlFaHawnUYlOA==/18722483998223156.jpg?param=130y130, 0, , , 2022-06-16 13:51:59, null, , null, null, 1, 2022-06-16 13:51:59, 2022-06-16 13:52:16
<==      Total: 5
Closing non transactional SqlSession [org.apache.ibatis.session.defaults.DefaultSqlSession@3253adb4]
Creating a new SqlSession
SqlSession [org.apache.ibatis.session.defaults.DefaultSqlSession@5604ddd0] was not registered for synchronization because synchronization is not active
JDBC Connection [HikariProxyConnection@2039870633 wrapping com.mysql.cj.jdbc.ConnectionImpl@19b5f7a7] will not be managed by Spring
==>  Preparing: SELECT user_id,username,password,potential,is_admin,icon,version,create_time,update_time FROM user WHERE user_id=?
==> Parameters: f732ce64-95c5-44f0-aeb0-823c79fd99b7(String)
<==    Columns: user_id, username, password, potential, is_admin, icon, version, create_time, update_time
<==        Row: f732ce64-95c5-44f0-aeb0-823c79fd99b7, charlot, $2a$10$6e514wXvtFB0IXLJYe70Au.6Uuw/Zs71xwZKMb8KTVknvLQajAQfy, 3.5462, 1, http://localhost:8090/WechatIMG591.jpeg, 1, 2022-06-15 20:40:39, 2026-02-01 20:49:53
<==      Total: 1
Closing non transactional SqlSession [org.apache.ibatis.session.defaults.DefaultSqlSession@5604ddd0]
Creating a new SqlSession
SqlSession [org.apache.ibatis.session.defaults.DefaultSqlSession@28442dd6] was not registered for synchronization because synchronization is not active
JDBC Connection [HikariProxyConnection@1482592083 wrapping com.mysql.cj.jdbc.ConnectionImpl@19b5f7a7] will not be managed by Spring
==>  Preparing: SELECT id,song_id,user_id,score,pure,far,lost,combo,potential,time,version,create_time,update_time FROM best_record WHERE (song_id = ?)
==> Parameters: 9(Integer)
<==      Total: 0
Closing non transactional SqlSession [org.apache.ibatis.session.defaults.DefaultSqlSession@28442dd6]
Creating a new SqlSession
SqlSession [org.apache.ibatis.session.defaults.DefaultSqlSession@3ac095b5] was not registered for synchronization because synchronization is not active
JDBC Connection [HikariProxyConnection@862139814 wrapping com.mysql.cj.jdbc.ConnectionImpl@19b5f7a7] will not be managed by Spring
==>  Preparing: SELECT user_id,username,password,potential,is_admin,icon,version,create_time,update_time FROM user WHERE user_id=?
==> Parameters: 52dfcbef-4f71-4c13-b474-6a5af9681342(String)
<==    Columns: user_id, username, password, potential, is_admin, icon, version, create_time, update_time
<==        Row: 52dfcbef-4f71-4c13-b474-6a5af9681342, nwh, 123456, 0.0, 0, http://localhost:8090/20220616132309.png, 1, 2022-06-16 13:22:06, 2022-06-16 13:38:03
<==      Total: 1
Closing non transactional SqlSession [org.apache.ibatis.session.defaults.DefaultSqlSession@3ac095b5]
Creating a new SqlSession
SqlSession [org.apache.ibatis.session.defaults.DefaultSqlSession@3832ed04] was not registered for synchronization because synchronization is not active
JDBC Connection [HikariProxyConnection@1062099684 wrapping com.mysql.cj.jdbc.ConnectionImpl@19b5f7a7] will not be managed by Spring
==>  Preparing: SELECT id,song_id,user_id,score,pure,far,lost,combo,potential,time,version,create_time,update_time FROM best_record WHERE (song_id = ?)
==> Parameters: 10(Integer)
<==      Total: 0
Closing non transactional SqlSession [org.apache.ibatis.session.defaults.DefaultSqlSession@3832ed04]
Creating a new SqlSession
SqlSession [org.apache.ibatis.session.defaults.DefaultSqlSession@7a3a11cc] was not registered for synchronization because synchronization is not active
JDBC Connection [HikariProxyConnection@1216038921 wrapping com.mysql.cj.jdbc.ConnectionImpl@19b5f7a7] will not be managed by Spring
==>  Preparing: SELECT user_id,username,password,potential,is_admin,icon,version,create_time,update_time FROM user WHERE user_id=?
==> Parameters: b28586b7-8bc6-4824-a645-c70f040e2fca(String)
<==    Columns: user_id, username, password, potential, is_admin, icon, version, create_time, update_time
<==        Row: b28586b7-8bc6-4824-a645-c70f040e2fca, gzf, 123456, 0.988618, 0, http://localhost:8090/20220616132700.png, 1, 2022-06-16 13:33:10, 2022-06-16 13:38:40
<==      Total: 1
Closing non transactional SqlSession [org.apache.ibatis.session.defaults.DefaultSqlSession@7a3a11cc]
Creating a new SqlSession
SqlSession [org.apache.ibatis.session.defaults.DefaultSqlSession@4babc77c] was not registered for synchronization because synchronization is not active
JDBC Connection [HikariProxyConnection@1639259060 wrapping com.mysql.cj.jdbc.ConnectionImpl@19b5f7a7] will not be managed by Spring
==>  Preparing: SELECT id,song_id,user_id,score,pure,far,lost,combo,potential,time,version,create_time,update_time FROM best_record WHERE (song_id = ?)
==> Parameters: 11(Integer)
<==      Total: 0
Closing non transactional SqlSession [org.apache.ibatis.session.defaults.DefaultSqlSession@4babc77c]
Creating a new SqlSession
SqlSession [org.apache.ibatis.session.defaults.DefaultSqlSession@7cbed61a] was not registered for synchronization because synchronization is not active
JDBC Connection [HikariProxyConnection@1773895382 wrapping com.mysql.cj.jdbc.ConnectionImpl@19b5f7a7] will not be managed by Spring
==>  Preparing: SELECT user_id,username,password,potential,is_admin,icon,version,create_time,update_time FROM user WHERE user_id=?
==> Parameters: b28586b7-8bc6-4824-a645-c70f040e2fca(String)
<==    Columns: user_id, username, password, potential, is_admin, icon, version, create_time, update_time
<==        Row: b28586b7-8bc6-4824-a645-c70f040e2fca, gzf, 123456, 0.988618, 0, http://localhost:8090/20220616132700.png, 1, 2022-06-16 13:33:10, 2022-06-16 13:38:40
<==      Total: 1
Closing non transactional SqlSession [org.apache.ibatis.session.defaults.DefaultSqlSession@7cbed61a]
Creating a new SqlSession
SqlSession [org.apache.ibatis.session.defaults.DefaultSqlSession@3270b812] was not registered for synchronization because synchronization is not active
JDBC Connection [HikariProxyConnection@947168832 wrapping com.mysql.cj.jdbc.ConnectionImpl@19b5f7a7] will not be managed by Spring
==>  Preparing: SELECT id,song_id,user_id,score,pure,far,lost,combo,potential,time,version,create_time,update_time FROM best_record WHERE (song_id = ?)
==> Parameters: 12(Integer)
<==      Total: 0
Closing non transactional SqlSession [org.apache.ibatis.session.defaults.DefaultSqlSession@3270b812]
Creating a new SqlSession
SqlSession [org.apache.ibatis.session.defaults.DefaultSqlSession@7fe3fe39] was not registered for synchronization because synchronization is not active
JDBC Connection [HikariProxyConnection@1214540287 wrapping com.mysql.cj.jdbc.ConnectionImpl@19b5f7a7] will not be managed by Spring
==>  Preparing: SELECT user_id,username,password,potential,is_admin,icon,version,create_time,update_time FROM user WHERE user_id=?
==> Parameters: 5e033e52-9f77-4991-acf3-4bbaeee999f3(String)
<==    Columns: user_id, username, password, potential, is_admin, icon, version, create_time, update_time
<==        Row: 5e033e52-9f77-4991-acf3-4bbaeee999f3, zzk, 123456, 2.70574, 0, http://localhost:8090/20220616132443.png, 1, 2022-06-16 13:24:06, 2022-06-16 13:32:21
<==      Total: 1
Closing non transactional SqlSession [org.apache.ibatis.session.defaults.DefaultSqlSession@7fe3fe39]
Creating a new SqlSession
SqlSession [org.apache.ibatis.session.defaults.DefaultSqlSession@6751166] was not registered for synchronization because synchronization is not active
JDBC Connection [HikariProxyConnection@1711748519 wrapping com.mysql.cj.jdbc.ConnectionImpl@19b5f7a7] will not be managed by Spring
==>  Preparing: SELECT id,song_id,user_id,score,pure,far,lost,combo,potential,time,version,create_time,update_time FROM best_record WHERE (song_id = ?)
==> Parameters: 13(Integer)
<==      Total: 0
Closing non transactional SqlSession [org.apache.ibatis.session.defaults.DefaultSqlSession@6751166]
2026-02-03 20:16:06.298 DEBUG 4236 --- [nio-8090-exec-7] m.m.a.RequestResponseBodyMethodProcessor : Using 'application/json', given [*/*] and supported [application/json, application/*+json, application/json, application/*+json]
2026-02-03 20:16:06.298 DEBUG 4236 --- [nio-8090-exec-7] m.m.a.RequestResponseBodyMethodProcessor : Writing [{"code":0, "msg":"Success", "data":false}]
2026-02-03 20:16:06.299 DEBUG 4236 --- [nio-8090-exec-7] o.s.web.servlet.DispatcherServlet        : Completed 200 OK
2026-02-03 20:16:06.303 DEBUG 4236 --- [nio-8090-exec-9] o.s.web.servlet.DispatcherServlet        : POST "/user/getPublicCharts", parameters={}
2026-02-03 20:16:06.303 DEBUG 4236 --- [nio-8090-exec-9] s.w.s.m.m.a.RequestMappingHandlerMapping : Mapped to team.javaee.controller.UserController#getPublicCharts(HttpServletRequest, PublicChartsDTO)
2026-02-03 20:16:06.303 DEBUG 4236 --- [nio-8090-exec-9] m.m.a.RequestResponseBodyMethodProcessor : Read "application/json;charset=UTF-8" to [PublicChartsDTO(status=2, searchType=null, searchContent=null, sortType=null, sortWay=null)]
Creating a new SqlSession
SqlSession [org.apache.ibatis.session.defaults.DefaultSqlSession@439cdc64] was not registered for synchronization because synchronization is not active
JDBC Connection [HikariProxyConnection@52299442 wrapping com.mysql.cj.jdbc.ConnectionImpl@19b5f7a7] will not be managed by Spring
==>  Preparing: SELECT id,song_name,song_writer,chart_constant,status,play_time,uploader_id,song_cover,default_background,notes_count,loading_text,loaded_text,upload_date,song_length,song_url,bpm,first_beat_delay,version,create_time,update_time FROM song WHERE (status = ?)
==> Parameters: 2(String)
<==    Columns: id, song_name, song_writer, chart_constant, status, play_time, uploader_id, song_cover, default_background, notes_count, loading_text, loaded_text, upload_date, song_length, song_url, bpm, first_beat_delay, version, create_time, update_time
<==        Row: 4, 熱愛発覚中, 椎名林檎, 9.0, 2, 34, f732ce64-95c5-44f0-aeb0-823c79fd99b7, http://localhost:8090/netsuai-cover.jpg, http://localhost:8090/netsuai-0.jpg, 164, 热爱发掘中, 发掘完了, 2022-06-15 20:40:46, null, http://localhost:8090/1.wav, 350.0, 3530, 1, 2022-06-15 20:40:46, 2026-02-01 20:49:53
<==        Row: 6, world.execute(me);, Mili, 9.0, 2, 8, f732ce64-95c5-44f0-aeb0-823c79fd99b7, http://localhost:8090/world-execute-me-cover.jpg, http://localhost:8090/world-execute-me-0.PNG, 244, 世界处刑中……, 处刑完毕, 2022-06-16 09:28:46, null, http://localhost:8090/2.wav, null, null, 1, 2022-06-16 09:28:46, 2022-07-30 18:50:38
<==        Row: 7, AegleSeeker, Silentroom vs Frums, 11.0, 2, 5, f732ce64-95c5-44f0-aeb0-823c79fd99b7, http://localhost:8090/aegle-cover.jpg, http://localhost:8090/aegle-0.JPG, 356, And in that light……, You will find deliverance., 2022-06-16 10:01:48, null, http://localhost:8090/4.wav, null, null, 1, 2022-06-16 10:01:48, 2022-06-16 23:07:20
<==        Row: 8, 迷える音色は恋の唄, はるの, 11.0, 2, 6, f732ce64-95c5-44f0-aeb0-823c79fd99b7, http://localhost:8090/koinouta-cover.jpg, http://localhost:8090/koinouta-0.jpg, 242, ほら、きっと、そう見えるかな……, 迷える音色は恋の唄, 2022-06-16 10:29:24, null, http://localhost:8090/3.wav, 1.0, 0, 1, 2022-06-16 10:29:24, 2022-06-16 23:05:35
<==      Total: 4
Closing non transactional SqlSession [org.apache.ibatis.session.defaults.DefaultSqlSession@439cdc64]
Creating a new SqlSession
SqlSession [org.apache.ibatis.session.defaults.DefaultSqlSession@194e0fc2] was not registered for synchronization because synchronization is not active
JDBC Connection [HikariProxyConnection@1016369011 wrapping com.mysql.cj.jdbc.ConnectionImpl@19b5f7a7] will not be managed by Spring
==>  Preparing: SELECT user_id,username,password,potential,is_admin,icon,version,create_time,update_time FROM user WHERE user_id=?
==> Parameters: f732ce64-95c5-44f0-aeb0-823c79fd99b7(String)
<==    Columns: user_id, username, password, potential, is_admin, icon, version, create_time, update_time
<==        Row: f732ce64-95c5-44f0-aeb0-823c79fd99b7, charlot, $2a$10$6e514wXvtFB0IXLJYe70Au.6Uuw/Zs71xwZKMb8KTVknvLQajAQfy, 3.5462, 1, http://localhost:8090/WechatIMG591.jpeg, 1, 2022-06-15 20:40:39, 2026-02-01 20:49:53
<==      Total: 1
Closing non transactional SqlSession [org.apache.ibatis.session.defaults.DefaultSqlSession@194e0fc2]
Creating a new SqlSession
SqlSession [org.apache.ibatis.session.defaults.DefaultSqlSession@5c805e32] was not registered for synchronization because synchronization is not active
JDBC Connection [HikariProxyConnection@903445119 wrapping com.mysql.cj.jdbc.ConnectionImpl@19b5f7a7] will not be managed by Spring
==>  Preparing: SELECT id,song_id,user_id,score,pure,far,lost,combo,potential,time,version,create_time,update_time FROM best_record WHERE (song_id = ?)
==> Parameters: 4(Integer)
<==    Columns: id, song_id, user_id, score, pure, far, lost, combo, potential, time, version, create_time, update_time
<==        Row: 3, 4, f732ce64-95c5-44f0-aeb0-823c79fd99b7, 10000000, 164, 0, 0, 164, 11.0, 2022-06-15 22:45:37, 1, 2022-06-15 22:45:37, 2022-06-15 22:45:37
<==        Row: 7, 4, 5e033e52-9f77-4991-acf3-4bbaeee999f3, 9817073, 158, 6, 0, 164, 10.0854, 2022-06-16 13:25:45, 1, 2022-06-16 13:25:45, 2022-06-16 13:25:45
<==        Row: 11, 4, b28586b7-8bc6-4824-a645-c70f040e2fca, 9024390, 137, 22, 5, 153, 7.41463, 2022-06-16 13:35:19, 1, 2022-06-16 13:35:19, 2022-06-16 13:35:19
<==      Total: 3
Closing non transactional SqlSession [org.apache.ibatis.session.defaults.DefaultSqlSession@5c805e32]
Creating a new SqlSession
SqlSession [org.apache.ibatis.session.defaults.DefaultSqlSession@3626ecd] was not registered for synchronization because synchronization is not active
JDBC Connection [HikariProxyConnection@1565376861 wrapping com.mysql.cj.jdbc.ConnectionImpl@19b5f7a7] will not be managed by Spring
==>  Preparing: SELECT user_id,username,password,potential,is_admin,icon,version,create_time,update_time FROM user WHERE (user_id = ?)
==> Parameters: f732ce64-95c5-44f0-aeb0-823c79fd99b7(String)
<==    Columns: user_id, username, password, potential, is_admin, icon, version, create_time, update_time
<==        Row: f732ce64-95c5-44f0-aeb0-823c79fd99b7, charlot, $2a$10$6e514wXvtFB0IXLJYe70Au.6Uuw/Zs71xwZKMb8KTVknvLQajAQfy, 3.5462, 1, http://localhost:8090/WechatIMG591.jpeg, 1, 2022-06-15 20:40:39, 2026-02-01 20:49:53
<==      Total: 1
Closing non transactional SqlSession [org.apache.ibatis.session.defaults.DefaultSqlSession@3626ecd]
Creating a new SqlSession
SqlSession [org.apache.ibatis.session.defaults.DefaultSqlSession@7aebd95a] was not registered for synchronization because synchronization is not active
JDBC Connection [HikariProxyConnection@1785709772 wrapping com.mysql.cj.jdbc.ConnectionImpl@19b5f7a7] will not be managed by Spring
==>  Preparing: SELECT user_id,username,password,potential,is_admin,icon,version,create_time,update_time FROM user WHERE (user_id = ?)
==> Parameters: 5e033e52-9f77-4991-acf3-4bbaeee999f3(String)
<==    Columns: user_id, username, password, potential, is_admin, icon, version, create_time, update_time
<==        Row: 5e033e52-9f77-4991-acf3-4bbaeee999f3, zzk, 123456, 2.70574, 0, http://localhost:8090/20220616132443.png, 1, 2022-06-16 13:24:06, 2022-06-16 13:32:21
<==      Total: 1
Closing non transactional SqlSession [org.apache.ibatis.session.defaults.DefaultSqlSession@7aebd95a]
Creating a new SqlSession
SqlSession [org.apache.ibatis.session.defaults.DefaultSqlSession@305b8fd5] was not registered for synchronization because synchronization is not active
JDBC Connection [HikariProxyConnection@341750157 wrapping com.mysql.cj.jdbc.ConnectionImpl@19b5f7a7] will not be managed by Spring
==>  Preparing: SELECT user_id,username,password,potential,is_admin,icon,version,create_time,update_time FROM user WHERE (user_id = ?)
==> Parameters: b28586b7-8bc6-4824-a645-c70f040e2fca(String)
<==    Columns: user_id, username, password, potential, is_admin, icon, version, create_time, update_time
<==        Row: b28586b7-8bc6-4824-a645-c70f040e2fca, gzf, 123456, 0.988618, 0, http://localhost:8090/20220616132700.png, 1, 2022-06-16 13:33:10, 2022-06-16 13:38:40
<==      Total: 1
Closing non transactional SqlSession [org.apache.ibatis.session.defaults.DefaultSqlSession@305b8fd5]
Creating a new SqlSession
SqlSession [org.apache.ibatis.session.defaults.DefaultSqlSession@4237594] was not registered for synchronization because synchronization is not active
JDBC Connection [HikariProxyConnection@1751803874 wrapping com.mysql.cj.jdbc.ConnectionImpl@19b5f7a7] will not be managed by Spring
==>  Preparing: SELECT user_id,username,password,potential,is_admin,icon,version,create_time,update_time FROM user WHERE user_id=?
==> Parameters: f732ce64-95c5-44f0-aeb0-823c79fd99b7(String)
<==    Columns: user_id, username, password, potential, is_admin, icon, version, create_time, update_time
<==        Row: f732ce64-95c5-44f0-aeb0-823c79fd99b7, charlot, $2a$10$6e514wXvtFB0IXLJYe70Au.6Uuw/Zs71xwZKMb8KTVknvLQajAQfy, 3.5462, 1, http://localhost:8090/WechatIMG591.jpeg, 1, 2022-06-15 20:40:39, 2026-02-01 20:49:53
<==      Total: 1
Closing non transactional SqlSession [org.apache.ibatis.session.defaults.DefaultSqlSession@4237594]
Creating a new SqlSession
SqlSession [org.apache.ibatis.session.defaults.DefaultSqlSession@1333aed0] was not registered for synchronization because synchronization is not active
JDBC Connection [HikariProxyConnection@203679479 wrapping com.mysql.cj.jdbc.ConnectionImpl@19b5f7a7] will not be managed by Spring
==>  Preparing: SELECT id,song_id,user_id,score,pure,far,lost,combo,potential,time,version,create_time,update_time FROM best_record WHERE (song_id = ?)
==> Parameters: 6(Integer)
<==    Columns: id, song_id, user_id, score, pure, far, lost, combo, potential, time, version, create_time, update_time
<==        Row: 8, 6, 5e033e52-9f77-4991-acf3-4bbaeee999f3, 9528688, 221, 23, 0, 244, 9.09563, 2022-06-16 13:29:00, 1, 2022-06-16 13:29:00, 2022-06-16 13:29:00
<==        Row: 12, 6, b28586b7-8bc6-4824-a645-c70f040e2fca, 778688, 15, 8, 221, 8, 0.0, 2022-06-16 13:36:32, 1, 2022-06-16 13:36:32, 2022-06-16 13:36:32
<==        Row: 18, 6, f732ce64-95c5-44f0-aeb0-823c79fd99b7, 9856557, 237, 7, 0, 244, 10.2828, 2022-06-16 23:17:02, 1, 2022-06-16 23:17:02, 2022-06-16 23:17:02
<==      Total: 3
Closing non transactional SqlSession [org.apache.ibatis.session.defaults.DefaultSqlSession@1333aed0]
Creating a new SqlSession
SqlSession [org.apache.ibatis.session.defaults.DefaultSqlSession@75db2e0d] was not registered for synchronization because synchronization is not active
JDBC Connection [HikariProxyConnection@2073058120 wrapping com.mysql.cj.jdbc.ConnectionImpl@19b5f7a7] will not be managed by Spring
==>  Preparing: SELECT user_id,username,password,potential,is_admin,icon,version,create_time,update_time FROM user WHERE (user_id = ?)
==> Parameters: f732ce64-95c5-44f0-aeb0-823c79fd99b7(String)
<==    Columns: user_id, username, password, potential, is_admin, icon, version, create_time, update_time
<==        Row: f732ce64-95c5-44f0-aeb0-823c79fd99b7, charlot, $2a$10$6e514wXvtFB0IXLJYe70Au.6Uuw/Zs71xwZKMb8KTVknvLQajAQfy, 3.5462, 1, http://localhost:8090/WechatIMG591.jpeg, 1, 2022-06-15 20:40:39, 2026-02-01 20:49:53
<==      Total: 1
Closing non transactional SqlSession [org.apache.ibatis.session.defaults.DefaultSqlSession@75db2e0d]
Creating a new SqlSession
SqlSession [org.apache.ibatis.session.defaults.DefaultSqlSession@31ac0492] was not registered for synchronization because synchronization is not active
JDBC Connection [HikariProxyConnection@489418732 wrapping com.mysql.cj.jdbc.ConnectionImpl@19b5f7a7] will not be managed by Spring
==>  Preparing: SELECT user_id,username,password,potential,is_admin,icon,version,create_time,update_time FROM user WHERE (user_id = ?)
==> Parameters: 5e033e52-9f77-4991-acf3-4bbaeee999f3(String)
<==    Columns: user_id, username, password, potential, is_admin, icon, version, create_time, update_time
<==        Row: 5e033e52-9f77-4991-acf3-4bbaeee999f3, zzk, 123456, 2.70574, 0, http://localhost:8090/20220616132443.png, 1, 2022-06-16 13:24:06, 2022-06-16 13:32:21
<==      Total: 1
Closing non transactional SqlSession [org.apache.ibatis.session.defaults.DefaultSqlSession@31ac0492]
Creating a new SqlSession
SqlSession [org.apache.ibatis.session.defaults.DefaultSqlSession@34abc49c] was not registered for synchronization because synchronization is not active
JDBC Connection [HikariProxyConnection@1702026767 wrapping com.mysql.cj.jdbc.ConnectionImpl@19b5f7a7] will not be managed by Spring
==>  Preparing: SELECT user_id,username,password,potential,is_admin,icon,version,create_time,update_time FROM user WHERE (user_id = ?)
==> Parameters: b28586b7-8bc6-4824-a645-c70f040e2fca(String)
<==    Columns: user_id, username, password, potential, is_admin, icon, version, create_time, update_time
<==        Row: b28586b7-8bc6-4824-a645-c70f040e2fca, gzf, 123456, 0.988618, 0, http://localhost:8090/20220616132700.png, 1, 2022-06-16 13:33:10, 2022-06-16 13:38:40
<==      Total: 1
Closing non transactional SqlSession [org.apache.ibatis.session.defaults.DefaultSqlSession@34abc49c]
Creating a new SqlSession
SqlSession [org.apache.ibatis.session.defaults.DefaultSqlSession@6359059] was not registered for synchronization because synchronization is not active
JDBC Connection [HikariProxyConnection@1825581863 wrapping com.mysql.cj.jdbc.ConnectionImpl@19b5f7a7] will not be managed by Spring
==>  Preparing: SELECT user_id,username,password,potential,is_admin,icon,version,create_time,update_time FROM user WHERE user_id=?
==> Parameters: f732ce64-95c5-44f0-aeb0-823c79fd99b7(String)
<==    Columns: user_id, username, password, potential, is_admin, icon, version, create_time, update_time
<==        Row: f732ce64-95c5-44f0-aeb0-823c79fd99b7, charlot, $2a$10$6e514wXvtFB0IXLJYe70Au.6Uuw/Zs71xwZKMb8KTVknvLQajAQfy, 3.5462, 1, http://localhost:8090/WechatIMG591.jpeg, 1, 2022-06-15 20:40:39, 2026-02-01 20:49:53
<==      Total: 1
Closing non transactional SqlSession [org.apache.ibatis.session.defaults.DefaultSqlSession@6359059]
Creating a new SqlSession
SqlSession [org.apache.ibatis.session.defaults.DefaultSqlSession@188c223b] was not registered for synchronization because synchronization is not active
JDBC Connection [HikariProxyConnection@840027691 wrapping com.mysql.cj.jdbc.ConnectionImpl@19b5f7a7] will not be managed by Spring
==>  Preparing: SELECT id,song_id,user_id,score,pure,far,lost,combo,potential,time,version,create_time,update_time FROM best_record WHERE (song_id = ?)
==> Parameters: 7(Integer)
<==    Columns: id, song_id, user_id, score, pure, far, lost, combo, potential, time, version, create_time, update_time
<==        Row: 6, 7, f732ce64-95c5-44f0-aeb0-823c79fd99b7, 7471910, 222, 88, 46, 40, 4.2397, 2022-06-16 10:39:44, 1, 2022-06-16 10:39:44, 2022-06-16 10:39:44
<==        Row: 9, 7, 5e033e52-9f77-4991-acf3-4bbaeee999f3, 7345505, 220, 83, 53, 69, 3.81835, 2022-06-16 13:31:33, 1, 2022-06-16 13:31:33, 2022-06-16 13:31:33
<==        Row: 15, 7, 52dfcbef-4f71-4c13-b474-6a5af9681342, 3061797, 87, 44, 225, 21, 0.0, 2022-06-16 13:38:03, 1, 2022-06-16 13:38:03, 2022-06-16 13:38:03
<==        Row: 16, 7, b28586b7-8bc6-4824-a645-c70f040e2fca, 2808988, 70, 60, 226, 20, 0.0, 2022-06-16 13:38:40, 1, 2022-06-16 13:38:40, 2022-06-16 13:38:40
<==      Total: 4
Closing non transactional SqlSession [org.apache.ibatis.session.defaults.DefaultSqlSession@188c223b]
Creating a new SqlSession
SqlSession [org.apache.ibatis.session.defaults.DefaultSqlSession@48d3da05] was not registered for synchronization because synchronization is not active
JDBC Connection [HikariProxyConnection@825734366 wrapping com.mysql.cj.jdbc.ConnectionImpl@19b5f7a7] will not be managed by Spring
==>  Preparing: SELECT user_id,username,password,potential,is_admin,icon,version,create_time,update_time FROM user WHERE (user_id = ?)
==> Parameters: f732ce64-95c5-44f0-aeb0-823c79fd99b7(String)
<==    Columns: user_id, username, password, potential, is_admin, icon, version, create_time, update_time
<==        Row: f732ce64-95c5-44f0-aeb0-823c79fd99b7, charlot, $2a$10$6e514wXvtFB0IXLJYe70Au.6Uuw/Zs71xwZKMb8KTVknvLQajAQfy, 3.5462, 1, http://localhost:8090/WechatIMG591.jpeg, 1, 2022-06-15 20:40:39, 2026-02-01 20:49:53
<==      Total: 1
Closing non transactional SqlSession [org.apache.ibatis.session.defaults.DefaultSqlSession@48d3da05]
Creating a new SqlSession
SqlSession [org.apache.ibatis.session.defaults.DefaultSqlSession@7879881f] was not registered for synchronization because synchronization is not active
JDBC Connection [HikariProxyConnection@783054567 wrapping com.mysql.cj.jdbc.ConnectionImpl@19b5f7a7] will not be managed by Spring
==>  Preparing: SELECT user_id,username,password,potential,is_admin,icon,version,create_time,update_time FROM user WHERE (user_id = ?)
==> Parameters: 5e033e52-9f77-4991-acf3-4bbaeee999f3(String)
<==    Columns: user_id, username, password, potential, is_admin, icon, version, create_time, update_time
<==        Row: 5e033e52-9f77-4991-acf3-4bbaeee999f3, zzk, 123456, 2.70574, 0, http://localhost:8090/20220616132443.png, 1, 2022-06-16 13:24:06, 2022-06-16 13:32:21
<==      Total: 1
Closing non transactional SqlSession [org.apache.ibatis.session.defaults.DefaultSqlSession@7879881f]
Creating a new SqlSession
SqlSession [org.apache.ibatis.session.defaults.DefaultSqlSession@75af17d7] was not registered for synchronization because synchronization is not active
JDBC Connection [HikariProxyConnection@1092763661 wrapping com.mysql.cj.jdbc.ConnectionImpl@19b5f7a7] will not be managed by Spring
==>  Preparing: SELECT user_id,username,password,potential,is_admin,icon,version,create_time,update_time FROM user WHERE (user_id = ?)
==> Parameters: 52dfcbef-4f71-4c13-b474-6a5af9681342(String)
<==    Columns: user_id, username, password, potential, is_admin, icon, version, create_time, update_time
<==        Row: 52dfcbef-4f71-4c13-b474-6a5af9681342, nwh, 123456, 0.0, 0, http://localhost:8090/20220616132309.png, 1, 2022-06-16 13:22:06, 2022-06-16 13:38:03
<==      Total: 1
Closing non transactional SqlSession [org.apache.ibatis.session.defaults.DefaultSqlSession@75af17d7]
Creating a new SqlSession
SqlSession [org.apache.ibatis.session.defaults.DefaultSqlSession@235ffe40] was not registered for synchronization because synchronization is not active
JDBC Connection [HikariProxyConnection@784548947 wrapping com.mysql.cj.jdbc.ConnectionImpl@19b5f7a7] will not be managed by Spring
==>  Preparing: SELECT user_id,username,password,potential,is_admin,icon,version,create_time,update_time FROM user WHERE (user_id = ?)
==> Parameters: b28586b7-8bc6-4824-a645-c70f040e2fca(String)
<==    Columns: user_id, username, password, potential, is_admin, icon, version, create_time, update_time
<==        Row: b28586b7-8bc6-4824-a645-c70f040e2fca, gzf, 123456, 0.988618, 0, http://localhost:8090/20220616132700.png, 1, 2022-06-16 13:33:10, 2022-06-16 13:38:40
<==      Total: 1
Closing non transactional SqlSession [org.apache.ibatis.session.defaults.DefaultSqlSession@235ffe40]
Creating a new SqlSession
SqlSession [org.apache.ibatis.session.defaults.DefaultSqlSession@51864185] was not registered for synchronization because synchronization is not active
JDBC Connection [HikariProxyConnection@234293259 wrapping com.mysql.cj.jdbc.ConnectionImpl@19b5f7a7] will not be managed by Spring
==>  Preparing: SELECT user_id,username,password,potential,is_admin,icon,version,create_time,update_time FROM user WHERE user_id=?
==> Parameters: f732ce64-95c5-44f0-aeb0-823c79fd99b7(String)
<==    Columns: user_id, username, password, potential, is_admin, icon, version, create_time, update_time
<==        Row: f732ce64-95c5-44f0-aeb0-823c79fd99b7, charlot, $2a$10$6e514wXvtFB0IXLJYe70Au.6Uuw/Zs71xwZKMb8KTVknvLQajAQfy, 3.5462, 1, http://localhost:8090/WechatIMG591.jpeg, 1, 2022-06-15 20:40:39, 2026-02-01 20:49:53
<==      Total: 1
Closing non transactional SqlSession [org.apache.ibatis.session.defaults.DefaultSqlSession@51864185]
Creating a new SqlSession
SqlSession [org.apache.ibatis.session.defaults.DefaultSqlSession@56a2678b] was not registered for synchronization because synchronization is not active
JDBC Connection [HikariProxyConnection@902536883 wrapping com.mysql.cj.jdbc.ConnectionImpl@19b5f7a7] will not be managed by Spring
==>  Preparing: SELECT id,song_id,user_id,score,pure,far,lost,combo,potential,time,version,create_time,update_time FROM best_record WHERE (song_id = ?)
==> Parameters: 8(Integer)
<==    Columns: id, song_id, user_id, score, pure, far, lost, combo, potential, time, version, create_time, update_time
<==        Row: 5, 8, f732ce64-95c5-44f0-aeb0-823c79fd99b7, 8429752, 182, 44, 16, 75, 7.43251, 2022-06-16 10:33:27, 1, 2022-06-16 10:33:27, 2022-06-16 10:33:27
<==        Row: 10, 8, 5e033e52-9f77-4991-acf3-4bbaeee999f3, 8450413, 186, 37, 19, 88, 7.50138, 2022-06-16 13:32:21, 1, 2022-06-16 13:32:21, 2022-06-16 13:32:21
<==        Row: 13, 8, 52dfcbef-4f71-4c13-b474-6a5af9681342, 702479, 14, 6, 175, 15, 0.0, 2022-06-16 13:36:36, 1, 2022-06-16 13:36:36, 2022-06-16 13:36:36
<==        Row: 14, 8, b28586b7-8bc6-4824-a645-c70f040e2fca, 1053719, 23, 5, 212, 4, 0.0, 2022-06-16 13:37:37, 1, 2022-06-16 13:37:37, 2022-06-16 13:37:37
<==      Total: 4
Closing non transactional SqlSession [org.apache.ibatis.session.defaults.DefaultSqlSession@56a2678b]
Creating a new SqlSession
SqlSession [org.apache.ibatis.session.defaults.DefaultSqlSession@28628896] was not registered for synchronization because synchronization is not active
JDBC Connection [HikariProxyConnection@1832463406 wrapping com.mysql.cj.jdbc.ConnectionImpl@19b5f7a7] will not be managed by Spring
==>  Preparing: SELECT user_id,username,password,potential,is_admin,icon,version,create_time,update_time FROM user WHERE (user_id = ?)
==> Parameters: 5e033e52-9f77-4991-acf3-4bbaeee999f3(String)
<==    Columns: user_id, username, password, potential, is_admin, icon, version, create_time, update_time
<==        Row: 5e033e52-9f77-4991-acf3-4bbaeee999f3, zzk, 123456, 2.70574, 0, http://localhost:8090/20220616132443.png, 1, 2022-06-16 13:24:06, 2022-06-16 13:32:21
<==      Total: 1
Closing non transactional SqlSession [org.apache.ibatis.session.defaults.DefaultSqlSession@28628896]
Creating a new SqlSession
SqlSession [org.apache.ibatis.session.defaults.DefaultSqlSession@4f96dd17] was not registered for synchronization because synchronization is not active
JDBC Connection [HikariProxyConnection@1938606667 wrapping com.mysql.cj.jdbc.ConnectionImpl@19b5f7a7] will not be managed by Spring
==>  Preparing: SELECT user_id,username,password,potential,is_admin,icon,version,create_time,update_time FROM user WHERE (user_id = ?)
==> Parameters: f732ce64-95c5-44f0-aeb0-823c79fd99b7(String)
<==    Columns: user_id, username, password, potential, is_admin, icon, version, create_time, update_time
<==        Row: f732ce64-95c5-44f0-aeb0-823c79fd99b7, charlot, $2a$10$6e514wXvtFB0IXLJYe70Au.6Uuw/Zs71xwZKMb8KTVknvLQajAQfy, 3.5462, 1, http://localhost:8090/WechatIMG591.jpeg, 1, 2022-06-15 20:40:39, 2026-02-01 20:49:53
<==      Total: 1
Closing non transactional SqlSession [org.apache.ibatis.session.defaults.DefaultSqlSession@4f96dd17]
Creating a new SqlSession
SqlSession [org.apache.ibatis.session.defaults.DefaultSqlSession@23230463] was not registered for synchronization because synchronization is not active
JDBC Connection [HikariProxyConnection@1520700277 wrapping com.mysql.cj.jdbc.ConnectionImpl@19b5f7a7] will not be managed by Spring
==>  Preparing: SELECT user_id,username,password,potential,is_admin,icon,version,create_time,update_time FROM user WHERE (user_id = ?)
==> Parameters: b28586b7-8bc6-4824-a645-c70f040e2fca(String)
<==    Columns: user_id, username, password, potential, is_admin, icon, version, create_time, update_time
<==        Row: b28586b7-8bc6-4824-a645-c70f040e2fca, gzf, 123456, 0.988618, 0, http://localhost:8090/20220616132700.png, 1, 2022-06-16 13:33:10, 2022-06-16 13:38:40
<==      Total: 1
Closing non transactional SqlSession [org.apache.ibatis.session.defaults.DefaultSqlSession@23230463]
Creating a new SqlSession
SqlSession [org.apache.ibatis.session.defaults.DefaultSqlSession@1e4c37dd] was not registered for synchronization because synchronization is not active
JDBC Connection [HikariProxyConnection@636958827 wrapping com.mysql.cj.jdbc.ConnectionImpl@19b5f7a7] will not be managed by Spring
==>  Preparing: SELECT user_id,username,password,potential,is_admin,icon,version,create_time,update_time FROM user WHERE (user_id = ?)
==> Parameters: 52dfcbef-4f71-4c13-b474-6a5af9681342(String)
<==    Columns: user_id, username, password, potential, is_admin, icon, version, create_time, update_time
<==        Row: 52dfcbef-4f71-4c13-b474-6a5af9681342, nwh, 123456, 0.0, 0, http://localhost:8090/20220616132309.png, 1, 2022-06-16 13:22:06, 2022-06-16 13:38:03
<==      Total: 1
Closing non transactional SqlSession [org.apache.ibatis.session.defaults.DefaultSqlSession@1e4c37dd]
2026-02-03 20:16:06.334 DEBUG 4236 --- [nio-8090-exec-9] m.m.a.RequestResponseBodyMethodProcessor : Using 'application/json', given [*/*] and supported [application/json, application/*+json, application/json, application/*+json]
2026-02-03 20:16:06.334 DEBUG 4236 --- [nio-8090-exec-9] m.m.a.RequestResponseBodyMethodProcessor : Writing [{"code":0, "msg":"Success", "data":false}]
2026-02-03 20:16:06.336 DEBUG 4236 --- [nio-8090-exec-9] o.s.web.servlet.DispatcherServlet        : Completed 200 OK
2026-02-03 20:16:06.340 DEBUG 4236 --- [nio-8090-exec-1] o.s.web.servlet.DispatcherServlet        : POST "/user/getPublicCharts", parameters={}
2026-02-03 20:16:06.341 DEBUG 4236 --- [nio-8090-exec-1] s.w.s.m.m.a.RequestMappingHandlerMapping : Mapped to team.javaee.controller.UserController#getPublicCharts(HttpServletRequest, PublicChartsDTO)
2026-02-03 20:16:06.341 DEBUG 4236 --- [nio-8090-exec-1] m.m.a.RequestResponseBodyMethodProcessor : Read "application/json;charset=UTF-8" to [PublicChartsDTO(status=null, searchType=null, searchContent=null, sortType=null, sortWay=null)]
Creating a new SqlSession
SqlSession [org.apache.ibatis.session.defaults.DefaultSqlSession@2398f9da] was not registered for synchronization because synchronization is not active
JDBC Connection [HikariProxyConnection@1438860973 wrapping com.mysql.cj.jdbc.ConnectionImpl@19b5f7a7] will not be managed by Spring
==>  Preparing: SELECT id,song_name,song_writer,chart_constant,status,play_time,uploader_id,song_cover,default_background,notes_count,loading_text,loaded_text,upload_date,song_length,song_url,bpm,first_beat_delay,version,create_time,update_time FROM song WHERE (status = ?)
==> Parameters: 1(String)
<==    Columns: id, song_name, song_writer, chart_constant, status, play_time, uploader_id, song_cover, default_background, notes_count, loading_text, loaded_text, upload_date, song_length, song_url, bpm, first_beat_delay, version, create_time, update_time
<==        Row: 9, 羊胎素, 斯琴高娃&袁立, 8.0, 1, 0, f732ce64-95c5-44f0-aeb0-823c79fd99b7, http://localhost:8090/yts-cover.jpg, http://localhost:8090/yts-0.jpg, 95, 斯琴高娃老师打羊胎素中……, 打完了，哦这是可以说的吗？, 2022-06-16 11:19:30, null, http://localhost:8090/5.m4a, 1.0, 1, 1, 2022-06-16 11:19:30, 2022-06-16 14:40:55
<==        Row: 10, 宗教, 111, 0.0, 1, 0, 52dfcbef-4f71-4c13-b474-6a5af9681342, http://p1.music.126.net/JuG-UsZRUC3o0v4WKPTgoA==/109951164185701536.jpg, http://p1.music.126.net/JuG-UsZRUC3o0v4WKPTgoA==/109951164185701536.jpg, 0, , , 2022-06-16 13:42:57, null, , null, null, 1, 2022-06-16 13:42:57, 2022-06-16 13:43:58
<==        Row: 11, 杀死那个石家庄人, 万能青年旅店, 0.0, 1, 0, b28586b7-8bc6-4824-a645-c70f040e2fca, http://p2.music.126.net/W1kczDCB4-r-uNAznD1ljg==/108851651165850.jpg?param=130y130, http://p2.music.126.net/W1kczDCB4-r-uNAznD1ljg==/108851651165850.jpg?param=130y130, 0, , , 2022-06-16 13:46:19, null, , null, null, 1, 2022-06-16 13:46:19, 2022-06-16 13:52:33
<==        Row: 12, まつり, 藤井風, 0.0, 1, 0, b28586b7-8bc6-4824-a645-c70f040e2fca, http://p2.music.126.net/jR5BzhC9k2KwPpAEQT3sJg==/109951167183618536.jpg, http://p2.music.126.net/jR5BzhC9k2KwPpAEQT3sJg==/109951167183618536.jpg, 0, , , 2022-06-16 13:47:35, null, , null, null, 1, 2022-06-16 13:47:35, 2022-06-16 13:52:36
<==        Row: 13, 深海少女, のぶなが, 0.0, 1, 0, 5e033e52-9f77-4991-acf3-4bbaeee999f3, http://p2.music.126.net/tpqIHupzaqlFaHawnUYlOA==/18722483998223156.jpg?param=130y130, http://p2.music.126.net/tpqIHupzaqlFaHawnUYlOA==/18722483998223156.jpg?param=130y130, 0, , , 2022-06-16 13:51:59, null, , null, null, 1, 2022-06-16 13:51:59, 2022-06-16 13:52:16
<==      Total: 5
Closing non transactional SqlSession [org.apache.ibatis.session.defaults.DefaultSqlSession@2398f9da]
Creating a new SqlSession
SqlSession [org.apache.ibatis.session.defaults.DefaultSqlSession@7e870cdb] was not registered for synchronization because synchronization is not active
JDBC Connection [HikariProxyConnection@448097528 wrapping com.mysql.cj.jdbc.ConnectionImpl@19b5f7a7] will not be managed by Spring
==>  Preparing: SELECT user_id,username,password,potential,is_admin,icon,version,create_time,update_time FROM user WHERE user_id=?
==> Parameters: f732ce64-95c5-44f0-aeb0-823c79fd99b7(String)
<==    Columns: user_id, username, password, potential, is_admin, icon, version, create_time, update_time
<==        Row: f732ce64-95c5-44f0-aeb0-823c79fd99b7, charlot, $2a$10$6e514wXvtFB0IXLJYe70Au.6Uuw/Zs71xwZKMb8KTVknvLQajAQfy, 3.5462, 1, http://localhost:8090/WechatIMG591.jpeg, 1, 2022-06-15 20:40:39, 2026-02-01 20:49:53
<==      Total: 1
Closing non transactional SqlSession [org.apache.ibatis.session.defaults.DefaultSqlSession@7e870cdb]
Creating a new SqlSession
SqlSession [org.apache.ibatis.session.defaults.DefaultSqlSession@67a11891] was not registered for synchronization because synchronization is not active
JDBC Connection [HikariProxyConnection@562438506 wrapping com.mysql.cj.jdbc.ConnectionImpl@19b5f7a7] will not be managed by Spring
==>  Preparing: SELECT id,song_id,user_id,score,pure,far,lost,combo,potential,time,version,create_time,update_time FROM best_record WHERE (song_id = ?)
==> Parameters: 9(Integer)
<==      Total: 0
Closing non transactional SqlSession [org.apache.ibatis.session.defaults.DefaultSqlSession@67a11891]
Creating a new SqlSession
SqlSession [org.apache.ibatis.session.defaults.DefaultSqlSession@20e0a3e0] was not registered for synchronization because synchronization is not active
JDBC Connection [HikariProxyConnection@1340756733 wrapping com.mysql.cj.jdbc.ConnectionImpl@19b5f7a7] will not be managed by Spring
==>  Preparing: SELECT user_id,username,password,potential,is_admin,icon,version,create_time,update_time FROM user WHERE user_id=?
==> Parameters: 52dfcbef-4f71-4c13-b474-6a5af9681342(String)
<==    Columns: user_id, username, password, potential, is_admin, icon, version, create_time, update_time
<==        Row: 52dfcbef-4f71-4c13-b474-6a5af9681342, nwh, 123456, 0.0, 0, http://localhost:8090/20220616132309.png, 1, 2022-06-16 13:22:06, 2022-06-16 13:38:03
<==      Total: 1
Closing non transactional SqlSession [org.apache.ibatis.session.defaults.DefaultSqlSession@20e0a3e0]
Creating a new SqlSession
SqlSession [org.apache.ibatis.session.defaults.DefaultSqlSession@6570bad0] was not registered for synchronization because synchronization is not active
JDBC Connection [HikariProxyConnection@1084942909 wrapping com.mysql.cj.jdbc.ConnectionImpl@19b5f7a7] will not be managed by Spring
==>  Preparing: SELECT id,song_id,user_id,score,pure,far,lost,combo,potential,time,version,create_time,update_time FROM best_record WHERE (song_id = ?)
==> Parameters: 10(Integer)
<==      Total: 0
Closing non transactional SqlSession [org.apache.ibatis.session.defaults.DefaultSqlSession@6570bad0]
Creating a new SqlSession
SqlSession [org.apache.ibatis.session.defaults.DefaultSqlSession@3f679eb2] was not registered for synchronization because synchronization is not active
JDBC Connection [HikariProxyConnection@1595999668 wrapping com.mysql.cj.jdbc.ConnectionImpl@19b5f7a7] will not be managed by Spring
==>  Preparing: SELECT user_id,username,password,potential,is_admin,icon,version,create_time,update_time FROM user WHERE user_id=?
==> Parameters: b28586b7-8bc6-4824-a645-c70f040e2fca(String)
<==    Columns: user_id, username, password, potential, is_admin, icon, version, create_time, update_time
<==        Row: b28586b7-8bc6-4824-a645-c70f040e2fca, gzf, 123456, 0.988618, 0, http://localhost:8090/20220616132700.png, 1, 2022-06-16 13:33:10, 2022-06-16 13:38:40
<==      Total: 1
Closing non transactional SqlSession [org.apache.ibatis.session.defaults.DefaultSqlSession@3f679eb2]
Creating a new SqlSession
SqlSession [org.apache.ibatis.session.defaults.DefaultSqlSession@44204244] was not registered for synchronization because synchronization is not active
JDBC Connection [HikariProxyConnection@1202833020 wrapping com.mysql.cj.jdbc.ConnectionImpl@19b5f7a7] will not be managed by Spring
==>  Preparing: SELECT id,song_id,user_id,score,pure,far,lost,combo,potential,time,version,create_time,update_time FROM best_record WHERE (song_id = ?)
==> Parameters: 11(Integer)
<==      Total: 0
Closing non transactional SqlSession [org.apache.ibatis.session.defaults.DefaultSqlSession@44204244]
Creating a new SqlSession
SqlSession [org.apache.ibatis.session.defaults.DefaultSqlSession@373b1c66] was not registered for synchronization because synchronization is not active
JDBC Connection [HikariProxyConnection@1909414567 wrapping com.mysql.cj.jdbc.ConnectionImpl@19b5f7a7] will not be managed by Spring
==>  Preparing: SELECT user_id,username,password,potential,is_admin,icon,version,create_time,update_time FROM user WHERE user_id=?
==> Parameters: b28586b7-8bc6-4824-a645-c70f040e2fca(String)
<==    Columns: user_id, username, password, potential, is_admin, icon, version, create_time, update_time
<==        Row: b28586b7-8bc6-4824-a645-c70f040e2fca, gzf, 123456, 0.988618, 0, http://localhost:8090/20220616132700.png, 1, 2022-06-16 13:33:10, 2022-06-16 13:38:40
<==      Total: 1
Closing non transactional SqlSession [org.apache.ibatis.session.defaults.DefaultSqlSession@373b1c66]
Creating a new SqlSession
SqlSession [org.apache.ibatis.session.defaults.DefaultSqlSession@7b918ef0] was not registered for synchronization because synchronization is not active
JDBC Connection [HikariProxyConnection@338064840 wrapping com.mysql.cj.jdbc.ConnectionImpl@19b5f7a7] will not be managed by Spring
==>  Preparing: SELECT id,song_id,user_id,score,pure,far,lost,combo,potential,time,version,create_time,update_time FROM best_record WHERE (song_id = ?)
==> Parameters: 12(Integer)
<==      Total: 0
Closing non transactional SqlSession [org.apache.ibatis.session.defaults.DefaultSqlSession@7b918ef0]
Creating a new SqlSession
SqlSession [org.apache.ibatis.session.defaults.DefaultSqlSession@aa5e7b] was not registered for synchronization because synchronization is not active
JDBC Connection [HikariProxyConnection@2008790672 wrapping com.mysql.cj.jdbc.ConnectionImpl@19b5f7a7] will not be managed by Spring
==>  Preparing: SELECT user_id,username,password,potential,is_admin,icon,version,create_time,update_time FROM user WHERE user_id=?
==> Parameters: 5e033e52-9f77-4991-acf3-4bbaeee999f3(String)
<==    Columns: user_id, username, password, potential, is_admin, icon, version, create_time, update_time
<==        Row: 5e033e52-9f77-4991-acf3-4bbaeee999f3, zzk, 123456, 2.70574, 0, http://localhost:8090/20220616132443.png, 1, 2022-06-16 13:24:06, 2022-06-16 13:32:21
<==      Total: 1
Closing non transactional SqlSession [org.apache.ibatis.session.defaults.DefaultSqlSession@aa5e7b]
Creating a new SqlSession
SqlSession [org.apache.ibatis.session.defaults.DefaultSqlSession@77f80356] was not registered for synchronization because synchronization is not active
JDBC Connection [HikariProxyConnection@636736084 wrapping com.mysql.cj.jdbc.ConnectionImpl@19b5f7a7] will not be managed by Spring
==>  Preparing: SELECT id,song_id,user_id,score,pure,far,lost,combo,potential,time,version,create_time,update_time FROM best_record WHERE (song_id = ?)
==> Parameters: 13(Integer)
<==      Total: 0
Closing non transactional SqlSession [org.apache.ibatis.session.defaults.DefaultSqlSession@77f80356]
2026-02-03 20:16:06.357 DEBUG 4236 --- [nio-8090-exec-1] m.m.a.RequestResponseBodyMethodProcessor : Using 'application/json', given [*/*] and supported [application/json, application/*+json, application/json, application/*+json]
2026-02-03 20:16:06.357 DEBUG 4236 --- [nio-8090-exec-1] m.m.a.RequestResponseBodyMethodProcessor : Writing [{"code":0, "msg":"Success", "data":false}]
2026-02-03 20:16:06.357 DEBUG 4236 --- [nio-8090-exec-1] o.s.web.servlet.DispatcherServlet        : Completed 200 OK
2026-02-03 20:16:11.823 DEBUG 4236 --- [nio-8090-exec-3] o.s.web.servlet.DispatcherServlet        : GET "/user/getChart?songId=4", parameters={masked}
2026-02-03 20:16:11.823 DEBUG 4236 --- [nio-8090-exec-3] s.w.s.m.m.a.RequestMappingHandlerMapping : Mapped to team.javaee.controller.UserController#getChart(String)
Creating a new SqlSession
SqlSession [org.apache.ibatis.session.defaults.DefaultSqlSession@4006e329] was not registered for synchronization because synchronization is not active
JDBC Connection [HikariProxyConnection@305621933 wrapping com.mysql.cj.jdbc.ConnectionImpl@19b5f7a7] will not be managed by Spring
==>  Preparing: SELECT id,song_name,song_writer,chart_constant,status,play_time,uploader_id,song_cover,default_background,notes_count,loading_text,loaded_text,upload_date,song_length,song_url,bpm,first_beat_delay,version,create_time,update_time FROM song WHERE (id = ?)
==> Parameters: 4(Integer)
<==    Columns: id, song_name, song_writer, chart_constant, status, play_time, uploader_id, song_cover, default_background, notes_count, loading_text, loaded_text, upload_date, song_length, song_url, bpm, first_beat_delay, version, create_time, update_time
<==        Row: 4, 熱愛発覚中, 椎名林檎, 9.0, 2, 34, f732ce64-95c5-44f0-aeb0-823c79fd99b7, http://localhost:8090/netsuai-cover.jpg, http://localhost:8090/netsuai-0.jpg, 164, 热爱发掘中, 发掘完了, 2022-06-15 20:40:46, null, http://localhost:8090/1.wav, 350.0, 3530, 1, 2022-06-15 20:40:46, 2026-02-01 20:49:53
<==      Total: 1
Closing non transactional SqlSession [org.apache.ibatis.session.defaults.DefaultSqlSession@4006e329]
Creating a new SqlSession
SqlSession [org.apache.ibatis.session.defaults.DefaultSqlSession@2f4e7463] was not registered for synchronization because synchronization is not active
JDBC Connection [HikariProxyConnection@1478939912 wrapping com.mysql.cj.jdbc.ConnectionImpl@19b5f7a7] will not be managed by Spring
==>  Preparing: SELECT user_id,username,password,potential,is_admin,icon,version,create_time,update_time FROM user WHERE (user_id = ?)
==> Parameters: f732ce64-95c5-44f0-aeb0-823c79fd99b7(String)
<==    Columns: user_id, username, password, potential, is_admin, icon, version, create_time, update_time
<==        Row: f732ce64-95c5-44f0-aeb0-823c79fd99b7, charlot, $2a$10$6e514wXvtFB0IXLJYe70Au.6Uuw/Zs71xwZKMb8KTVknvLQajAQfy, 3.5462, 1, http://localhost:8090/WechatIMG591.jpeg, 1, 2022-06-15 20:40:39, 2026-02-01 20:49:53
<==      Total: 1
Closing non transactional SqlSession [org.apache.ibatis.session.defaults.DefaultSqlSession@2f4e7463]
Creating a new SqlSession
SqlSession [org.apache.ibatis.session.defaults.DefaultSqlSession@23c83c7f] was not registered for synchronization because synchronization is not active
JDBC Connection [HikariProxyConnection@2147072265 wrapping com.mysql.cj.jdbc.ConnectionImpl@19b5f7a7] will not be managed by Spring
==>  Preparing: SELECT id,song_id,name,type,url,create_time,update_time FROM song_asset WHERE (song_id = ?)
==> Parameters: 4(String)
<==    Columns: id, song_id, name, type, url, create_time, update_time
<==        Row: 1, 4, Cover, image, http://localhost:8090/netsuai-cover.jpg, 2026-02-03 11:53:37, 2026-02-03 11:53:37
<==        Row: 16, 4, Default Background, image, http://localhost:8090/netsuai-0.jpg, 2026-02-03 11:53:37, 2026-02-03 11:53:37
<==        Row: 23, 4, Operation BG, image, http://localhost:8090/netsuai-black.jpg, 2026-02-03 11:53:37, 2026-02-03 11:53:37
<==        Row: 24, 4, Operation BG, image, http://localhost:8090/netsuai-1.jpg, 2026-02-03 11:53:37, 2026-02-03 11:53:37
<==        Row: 25, 4, Operation BG, image, http://localhost:8090/netsuai-2.jpg, 2026-02-03 11:53:37, 2026-02-03 11:53:37
<==        Row: 26, 4, Operation BG, image, http://localhost:8090/netsuai-3.jpg, 2026-02-03 11:53:37, 2026-02-03 11:53:37
<==        Row: 27, 4, Operation BG, image, http://localhost:8090/netsuai-4.jpg, 2026-02-03 11:53:37, 2026-02-03 11:53:37
<==        Row: 28, 4, Operation BG, image, http://localhost:8090/netsuai-5.jpg, 2026-02-03 11:53:37, 2026-02-03 11:53:37
<==        Row: 29, 4, Operation BG, image, http://localhost:8090/netsuai-6.jpg, 2026-02-03 11:53:37, 2026-02-03 11:53:37
<==        Row: 30, 4, Operation BG, image, http://localhost:8090/netsuai-7.jpg, 2026-02-03 11:53:37, 2026-02-03 11:53:37
<==        Row: 31, 4, Operation BG, image, http://localhost:8090/netsuai-8.jpg, 2026-02-03 11:53:37, 2026-02-03 11:53:37
<==        Row: 32, 4, Operation BG, image, http://localhost:8090/netsuai-9.jpg, 2026-02-03 11:53:37, 2026-02-03 11:53:37
<==        Row: 33, 4, Operation BG, image, http://localhost:8090/netsuai-10.jpg, 2026-02-03 11:53:37, 2026-02-03 11:53:37
<==      Total: 13
Closing non transactional SqlSession [org.apache.ibatis.session.defaults.DefaultSqlSession@23c83c7f]
2026-02-03 20:16:11.840 DEBUG 4236 --- [nio-8090-exec-3] m.m.a.RequestResponseBodyMethodProcessor : Using 'application/json', given [application/json, text/plain, */*] and supported [application/json, application/*+json, application/json, application/*+json]
2026-02-03 20:16:11.841 DEBUG 4236 --- [nio-8090-exec-3] m.m.a.RequestResponseBodyMethodProcessor : Writing [{"code":0, "msg":"Success", "data":false}]
2026-02-03 20:16:11.842 DEBUG 4236 --- [nio-8090-exec-3] o.s.web.servlet.DispatcherServlet        : Completed 200 OK
2026-02-03 20:16:12.046 DEBUG 4236 --- [nio-8090-exec-4] o.s.web.servlet.DispatcherServlet        : GET "/netsuai-cover.jpg", parameters={}
2026-02-03 20:16:12.046 DEBUG 4236 --- [nio-8090-exec-6] o.s.web.servlet.DispatcherServlet        : GET "/netsuai-1.jpg", parameters={}
2026-02-03 20:16:12.046 DEBUG 4236 --- [nio-8090-exec-7] o.s.web.servlet.DispatcherServlet        : GET "/netsuai-black.jpg", parameters={}
2026-02-03 20:16:12.046 DEBUG 4236 --- [nio-8090-exec-5] o.s.web.servlet.DispatcherServlet        : GET "/netsuai-0.jpg", parameters={}
2026-02-03 20:16:12.049 DEBUG 4236 --- [nio-8090-exec-7] o.s.w.s.handler.SimpleUrlHandlerMapping  : Mapped to ResourceHttpRequestHandler [classpath [META-INF/resources/], classpath [resources/], classpath [static/], classpath [public/], URL [file:./data/], ServletContext [/]]
2026-02-03 20:16:12.049 DEBUG 4236 --- [nio-8090-exec-5] o.s.w.s.handler.SimpleUrlHandlerMapping  : Mapped to ResourceHttpRequestHandler [classpath [META-INF/resources/], classpath [resources/], classpath [static/], classpath [public/], URL [file:./data/], ServletContext [/]]
2026-02-03 20:16:12.049 DEBUG 4236 --- [nio-8090-exec-4] o.s.w.s.handler.SimpleUrlHandlerMapping  : Mapped to ResourceHttpRequestHandler [classpath [META-INF/resources/], classpath [resources/], classpath [static/], classpath [public/], URL [file:./data/], ServletContext [/]]
2026-02-03 20:16:12.049 DEBUG 4236 --- [nio-8090-exec-6] o.s.w.s.handler.SimpleUrlHandlerMapping  : Mapped to ResourceHttpRequestHandler [classpath [META-INF/resources/], classpath [resources/], classpath [static/], classpath [public/], URL [file:./data/], ServletContext [/]]
2026-02-03 20:16:12.053 DEBUG 4236 --- [nio-8090-exec-7] o.s.web.servlet.DispatcherServlet        : Completed 200 OK
2026-02-03 20:16:12.053 DEBUG 4236 --- [nio-8090-exec-6] o.s.web.servlet.DispatcherServlet        : Completed 200 OK
2026-02-03 20:16:12.054 DEBUG 4236 --- [nio-8090-exec-5] o.s.web.servlet.DispatcherServlet        : Completed 200 OK
2026-02-03 20:16:12.484 DEBUG 4236 --- [nio-8090-exec-8] o.s.web.servlet.DispatcherServlet        : GET "/netsuai-2.jpg", parameters={}
2026-02-03 20:16:12.485 DEBUG 4236 --- [nio-8090-exec-8] o.s.w.s.handler.SimpleUrlHandlerMapping  : Mapped to ResourceHttpRequestHandler [classpath [META-INF/resources/], classpath [resources/], classpath [static/], classpath [public/], URL [file:./data/], ServletContext [/]]
2026-02-03 20:16:12.486 DEBUG 4236 --- [nio-8090-exec-8] o.s.web.servlet.DispatcherServlet        : Completed 200 OK
2026-02-03 20:16:12.768 DEBUG 4236 --- [nio-8090-exec-9] o.s.web.servlet.DispatcherServlet        : GET "/netsuai-3.jpg", parameters={}
2026-02-03 20:16:12.770 DEBUG 4236 --- [nio-8090-exec-9] o.s.w.s.handler.SimpleUrlHandlerMapping  : Mapped to ResourceHttpRequestHandler [classpath [META-INF/resources/], classpath [resources/], classpath [static/], classpath [public/], URL [file:./data/], ServletContext [/]]
2026-02-03 20:16:12.772 DEBUG 4236 --- [nio-8090-exec-9] o.s.web.servlet.DispatcherServlet        : Completed 200 OK
2026-02-03 20:16:12.884 DEBUG 4236 --- [nio-8090-exec-1] o.s.web.servlet.DispatcherServlet        : GET "/netsuai-5.jpg", parameters={}
2026-02-03 20:16:12.885 DEBUG 4236 --- [nio-8090-exec-1] o.s.w.s.handler.SimpleUrlHandlerMapping  : Mapped to ResourceHttpRequestHandler [classpath [META-INF/resources/], classpath [resources/], classpath [static/], classpath [public/], URL [file:./data/], ServletContext [/]]
2026-02-03 20:16:12.885 DEBUG 4236 --- [io-8090-exec-10] o.s.web.servlet.DispatcherServlet        : GET "/netsuai-4.jpg", parameters={}
2026-02-03 20:16:12.886 DEBUG 4236 --- [nio-8090-exec-2] o.s.web.servlet.DispatcherServlet        : GET "/netsuai-6.jpg", parameters={}
2026-02-03 20:16:12.886 DEBUG 4236 --- [io-8090-exec-10] o.s.w.s.handler.SimpleUrlHandlerMapping  : Mapped to ResourceHttpRequestHandler [classpath [META-INF/resources/], classpath [resources/], classpath [static/], classpath [public/], URL [file:./data/], ServletContext [/]]
2026-02-03 20:16:12.886 DEBUG 4236 --- [nio-8090-exec-2] o.s.w.s.handler.SimpleUrlHandlerMapping  : Mapped to ResourceHttpRequestHandler [classpath [META-INF/resources/], classpath [resources/], classpath [static/], classpath [public/], URL [file:./data/], ServletContext [/]]
2026-02-03 20:16:12.887 DEBUG 4236 --- [nio-8090-exec-1] o.s.web.servlet.DispatcherServlet        : Completed 200 OK
2026-02-03 20:16:12.887 DEBUG 4236 --- [nio-8090-exec-2] o.s.web.servlet.DispatcherServlet        : Completed 200 OK
2026-02-03 20:16:12.887 DEBUG 4236 --- [io-8090-exec-10] o.s.web.servlet.DispatcherServlet        : Completed 200 OK
2026-02-03 20:16:13.085 DEBUG 4236 --- [nio-8090-exec-3] o.s.web.servlet.DispatcherServlet        : GET "/netsuai-7.jpg", parameters={}
2026-02-03 20:16:13.086 DEBUG 4236 --- [nio-8090-exec-3] o.s.w.s.handler.SimpleUrlHandlerMapping  : Mapped to ResourceHttpRequestHandler [classpath [META-INF/resources/], classpath [resources/], classpath [static/], classpath [public/], URL [file:./data/], ServletContext [/]]
2026-02-03 20:16:13.089 DEBUG 4236 --- [nio-8090-exec-3] o.s.web.servlet.DispatcherServlet        : Completed 200 OK
2026-02-03 20:16:13.234 DEBUG 4236 --- [nio-8090-exec-6] o.s.web.servlet.DispatcherServlet        : GET "/netsuai-8.jpg", parameters={}
2026-02-03 20:16:13.236 DEBUG 4236 --- [nio-8090-exec-6] o.s.w.s.handler.SimpleUrlHandlerMapping  : Mapped to ResourceHttpRequestHandler [classpath [META-INF/resources/], classpath [resources/], classpath [static/], classpath [public/], URL [file:./data/], ServletContext [/]]
2026-02-03 20:16:13.238 DEBUG 4236 --- [nio-8090-exec-6] o.s.web.servlet.DispatcherServlet        : Completed 200 OK
2026-02-03 20:16:13.256 DEBUG 4236 --- [nio-8090-exec-7] o.s.web.servlet.DispatcherServlet        : GET "/netsuai-9.jpg", parameters={}
2026-02-03 20:16:13.257 DEBUG 4236 --- [nio-8090-exec-7] o.s.w.s.handler.SimpleUrlHandlerMapping  : Mapped to ResourceHttpRequestHandler [classpath [META-INF/resources/], classpath [resources/], classpath [static/], classpath [public/], URL [file:./data/], ServletContext [/]]
2026-02-03 20:16:13.258 DEBUG 4236 --- [nio-8090-exec-7] o.s.web.servlet.DispatcherServlet        : Completed 200 OK
2026-02-03 20:16:13.261 DEBUG 4236 --- [nio-8090-exec-5] o.s.web.servlet.DispatcherServlet        : GET "/netsuai-10.jpg", parameters={}
2026-02-03 20:16:13.262 DEBUG 4236 --- [nio-8090-exec-5] o.s.w.s.handler.SimpleUrlHandlerMapping  : Mapped to ResourceHttpRequestHandler [classpath [META-INF/resources/], classpath [resources/], classpath [static/], classpath [public/], URL [file:./data/], ServletContext [/]]
2026-02-03 20:16:13.263 DEBUG 4236 --- [nio-8090-exec-5] o.s.web.servlet.DispatcherServlet        : Completed 200 OK
2026-02-03 20:16:13.386 DEBUG 4236 --- [nio-8090-exec-8] o.s.web.servlet.DispatcherServlet        : GET "/1.wav", parameters={}
2026-02-03 20:16:13.389 DEBUG 4236 --- [nio-8090-exec-8] o.s.w.s.handler.SimpleUrlHandlerMapping  : Mapped to ResourceHttpRequestHandler [classpath [META-INF/resources/], classpath [resources/], classpath [static/], classpath [public/], URL [file:./data/], ServletContext [/]]
2026-02-03 20:16:13.393 DEBUG 4236 --- [nio-8090-exec-8] o.s.web.servlet.DispatcherServlet        : Completed 206 PARTIAL_CONTENT
2026-02-03 20:16:13.557 DEBUG 4236 --- [nio-8090-exec-1] o.s.web.servlet.DispatcherServlet        : GET "/1.wav", parameters={}
2026-02-03 20:16:13.557 DEBUG 4236 --- [nio-8090-exec-1] o.s.w.s.handler.SimpleUrlHandlerMapping  : Mapped to ResourceHttpRequestHandler [classpath [META-INF/resources/], classpath [resources/], classpath [static/], classpath [public/], URL [file:./data/], ServletContext [/]]
2026-02-03 20:16:14.312 DEBUG 4236 --- [nio-8090-exec-1] o.s.web.servlet.DispatcherServlet        : Failed to complete request: org.apache.catalina.connector.ClientAbortException: java.io.IOException: Broken pipe
2026-02-03 20:16:17.076 DEBUG 4236 --- [nio-8090-exec-2] o.s.web.servlet.DispatcherServlet        : GET "/1.wav", parameters={}
2026-02-03 20:16:17.077 DEBUG 4236 --- [nio-8090-exec-2] o.s.w.s.handler.SimpleUrlHandlerMapping  : Mapped to ResourceHttpRequestHandler [classpath [META-INF/resources/], classpath [resources/], classpath [static/], classpath [public/], URL [file:./data/], ServletContext [/]]
2026-02-03 20:16:18.186 DEBUG 4236 --- [nio-8090-exec-4] o.s.web.servlet.DispatcherServlet        : Completed 200 OK
2026-02-03 20:16:25.229 DEBUG 4236 --- [nio-8090-exec-2] o.s.web.servlet.DispatcherServlet        : Completed 206 PARTIAL_CONTENT
2026-02-03 20:16:59.932 DEBUG 4236 --- [io-8090-exec-10] o.s.web.servlet.DispatcherServlet        : OPTIONS "/play/uploadRecord", parameters={}
2026-02-03 20:16:59.933 DEBUG 4236 --- [io-8090-exec-10] s.w.s.m.m.a.RequestMappingHandlerMapping : Mapped to team.javaee.controller.PlayController#uploadRecord(HttpServletRequest, PlayResultDTO)
2026-02-03 20:16:59.939 DEBUG 4236 --- [io-8090-exec-10] o.s.web.servlet.DispatcherServlet        : Completed 200 OK
2026-02-03 20:16:59.956 DEBUG 4236 --- [nio-8090-exec-3] o.s.web.servlet.DispatcherServlet        : POST "/play/uploadRecord", parameters={}
2026-02-03 20:16:59.957 DEBUG 4236 --- [nio-8090-exec-3] s.w.s.m.m.a.RequestMappingHandlerMapping : Mapped to team.javaee.controller.PlayController#uploadRecord(HttpServletRequest, PlayResultDTO)
2026-02-03 20:16:59.961 DEBUG 4236 --- [nio-8090-exec-3] m.m.a.RequestResponseBodyMethodProcessor : Read "application/json;charset=UTF-8" to [PlayResultDTO(userId=null, songId=4, score=243902, pure=4, far=0, lost=324, combo=4)]
Creating a new SqlSession
SqlSession [org.apache.ibatis.session.defaults.DefaultSqlSession@6cad2c3a] was not registered for synchronization because synchronization is not active
JDBC Connection [HikariProxyConnection@1321350947 wrapping com.mysql.cj.jdbc.ConnectionImpl@19b5f7a7] will not be managed by Spring
==>  Preparing: SELECT id,song_name,song_writer,chart_constant,status,play_time,uploader_id,song_cover,default_background,notes_count,loading_text,loaded_text,upload_date,song_length,song_url,bpm,first_beat_delay,version,create_time,update_time FROM song WHERE id=?
==> Parameters: 4(String)
<==    Columns: id, song_name, song_writer, chart_constant, status, play_time, uploader_id, song_cover, default_background, notes_count, loading_text, loaded_text, upload_date, song_length, song_url, bpm, first_beat_delay, version, create_time, update_time
<==        Row: 4, 熱愛発覚中, 椎名林檎, 9.0, 2, 34, f732ce64-95c5-44f0-aeb0-823c79fd99b7, http://localhost:8090/netsuai-cover.jpg, http://localhost:8090/netsuai-0.jpg, 164, 热爱发掘中, 发掘完了, 2022-06-15 20:40:46, null, http://localhost:8090/1.wav, 350.0, 3530, 1, 2022-06-15 20:40:46, 2026-02-01 20:49:53
<==      Total: 1
Closing non transactional SqlSession [org.apache.ibatis.session.defaults.DefaultSqlSession@6cad2c3a]
Creating a new SqlSession
SqlSession [org.apache.ibatis.session.defaults.DefaultSqlSession@a25da3a] was not registered for synchronization because synchronization is not active
JDBC Connection [HikariProxyConnection@601786061 wrapping com.mysql.cj.jdbc.ConnectionImpl@19b5f7a7] will not be managed by Spring
==>  Preparing: SELECT id,song_id,user_id,score,pure,far,lost,combo,potential,time,version,create_time,update_time FROM best_record WHERE (user_id = ? AND song_id = ?)
==> Parameters: f732ce64-95c5-44f0-aeb0-823c79fd99b7(String), 4(String)
<==    Columns: id, song_id, user_id, score, pure, far, lost, combo, potential, time, version, create_time, update_time
<==        Row: 3, 4, f732ce64-95c5-44f0-aeb0-823c79fd99b7, 10000000, 164, 0, 0, 164, 11.0, 2022-06-15 22:45:37, 1, 2022-06-15 22:45:37, 2022-06-15 22:45:37
<==      Total: 1
Closing non transactional SqlSession [org.apache.ibatis.session.defaults.DefaultSqlSession@a25da3a]
Creating a new SqlSession
SqlSession [org.apache.ibatis.session.defaults.DefaultSqlSession@1c5e0417] was not registered for synchronization because synchronization is not active
JDBC Connection [HikariProxyConnection@948890028 wrapping com.mysql.cj.jdbc.ConnectionImpl@19b5f7a7] will not be managed by Spring
==>  Preparing: SELECT id,song_id,user_id,score,pure,far,lost,combo,potential,time,version,create_time,update_time FROM recent_record WHERE (user_id = ? AND song_id = ?)
==> Parameters: f732ce64-95c5-44f0-aeb0-823c79fd99b7(String), 4(String)
<==    Columns: id, song_id, user_id, score, pure, far, lost, combo, potential, time, version, create_time, update_time
<==        Row: 40, 4, f732ce64-95c5-44f0-aeb0-823c79fd99b7, 9786585, 157, 7, 0, 164, 9.95528, 2022-06-16 23:17:55, 1, 2022-06-16 23:17:55, 2022-06-16 23:17:55
<==        Row: 41, 4, f732ce64-95c5-44f0-aeb0-823c79fd99b7, 0, 0, 0, 112, 0, 0.0, 2022-06-24 11:07:03, 1, 2022-06-24 11:07:03, 2022-06-24 11:07:03
<==        Row: 43, 4, f732ce64-95c5-44f0-aeb0-823c79fd99b7, 8932926, 135, 23, 6, 156, 7.10975, 2023-07-21 15:20:02, 1, 2023-07-21 15:20:02, 2023-07-21 15:20:02
<==        Row: 44, 4, f732ce64-95c5-44f0-aeb0-823c79fd99b7, 0, 0, 0, 164, 0, 0.0, 2023-07-21 15:21:35, 1, 2023-07-21 15:21:35, 2023-07-21 15:21:35
<==        Row: 45, 4, f732ce64-95c5-44f0-aeb0-823c79fd99b7, 9207317, 141, 20, 3, 126, 8.02439, 2023-07-21 18:19:33, 1, 2023-07-21 18:19:33, 2023-07-21 18:19:33
<==        Row: 46, 4, f732ce64-95c5-44f0-aeb0-823c79fd99b7, 8902439, 132, 28, 4, 88, 7.00813, 2023-07-21 22:39:53, 1, 2023-07-21 22:39:53, 2023-07-21 22:39:53
<==        Row: 47, 4, f732ce64-95c5-44f0-aeb0-823c79fd99b7, 609756, 8, 4, 152, 9, 0.0, 2023-08-02 10:21:10, 1, 2023-08-02 10:21:10, 2023-08-02 10:21:10
<==        Row: 48, 4, f732ce64-95c5-44f0-aeb0-823c79fd99b7, 8597560, 131, 20, 13, 44, 5.99187, 2023-08-02 10:31:44, 1, 2023-08-02 10:31:44, 2023-08-02 10:31:44
<==        Row: 49, 4, f732ce64-95c5-44f0-aeb0-823c79fd99b7, 6890243, 97, 32, 35, 85, 0.30081, 2023-11-22 12:46:31, 1, 2023-11-22 12:46:31, 2023-11-22 12:46:31
<==        Row: 50, 4, f732ce64-95c5-44f0-aeb0-823c79fd99b7, 7195121, 81, 74, 9, 77, 1.31707, 2026-02-01 20:49:53, 1, 2026-02-01 20:49:53, 2026-02-01 20:49:53
<==      Total: 10
Closing non transactional SqlSession [org.apache.ibatis.session.defaults.DefaultSqlSession@1c5e0417]
Creating a new SqlSession
SqlSession [org.apache.ibatis.session.defaults.DefaultSqlSession@536bb76f] was not registered for synchronization because synchronization is not active
JDBC Connection [HikariProxyConnection@696703591 wrapping com.mysql.cj.jdbc.ConnectionImpl@19b5f7a7] will not be managed by Spring
==>  Preparing: SELECT id,song_id,user_id,score,pure,far,lost,combo,potential,time,version,create_time,update_time FROM recent_record WHERE (user_id = ? AND song_id = ?) ORDER BY create_time ASC
==> Parameters: f732ce64-95c5-44f0-aeb0-823c79fd99b7(String), 4(String)
<==    Columns: id, song_id, user_id, score, pure, far, lost, combo, potential, time, version, create_time, update_time
<==        Row: 40, 4, f732ce64-95c5-44f0-aeb0-823c79fd99b7, 9786585, 157, 7, 0, 164, 9.95528, 2022-06-16 23:17:55, 1, 2022-06-16 23:17:55, 2022-06-16 23:17:55
<==        Row: 41, 4, f732ce64-95c5-44f0-aeb0-823c79fd99b7, 0, 0, 0, 112, 0, 0.0, 2022-06-24 11:07:03, 1, 2022-06-24 11:07:03, 2022-06-24 11:07:03
<==        Row: 43, 4, f732ce64-95c5-44f0-aeb0-823c79fd99b7, 8932926, 135, 23, 6, 156, 7.10975, 2023-07-21 15:20:02, 1, 2023-07-21 15:20:02, 2023-07-21 15:20:02
<==        Row: 44, 4, f732ce64-95c5-44f0-aeb0-823c79fd99b7, 0, 0, 0, 164, 0, 0.0, 2023-07-21 15:21:35, 1, 2023-07-21 15:21:35, 2023-07-21 15:21:35
<==        Row: 45, 4, f732ce64-95c5-44f0-aeb0-823c79fd99b7, 9207317, 141, 20, 3, 126, 8.02439, 2023-07-21 18:19:33, 1, 2023-07-21 18:19:33, 2023-07-21 18:19:33
<==        Row: 46, 4, f732ce64-95c5-44f0-aeb0-823c79fd99b7, 8902439, 132, 28, 4, 88, 7.00813, 2023-07-21 22:39:53, 1, 2023-07-21 22:39:53, 2023-07-21 22:39:53
<==        Row: 47, 4, f732ce64-95c5-44f0-aeb0-823c79fd99b7, 609756, 8, 4, 152, 9, 0.0, 2023-08-02 10:21:10, 1, 2023-08-02 10:21:10, 2023-08-02 10:21:10
<==        Row: 48, 4, f732ce64-95c5-44f0-aeb0-823c79fd99b7, 8597560, 131, 20, 13, 44, 5.99187, 2023-08-02 10:31:44, 1, 2023-08-02 10:31:44, 2023-08-02 10:31:44
<==        Row: 49, 4, f732ce64-95c5-44f0-aeb0-823c79fd99b7, 6890243, 97, 32, 35, 85, 0.30081, 2023-11-22 12:46:31, 1, 2023-11-22 12:46:31, 2023-11-22 12:46:31
<==        Row: 50, 4, f732ce64-95c5-44f0-aeb0-823c79fd99b7, 7195121, 81, 74, 9, 77, 1.31707, 2026-02-01 20:49:53, 1, 2026-02-01 20:49:53, 2026-02-01 20:49:53
<==      Total: 10
Closing non transactional SqlSession [org.apache.ibatis.session.defaults.DefaultSqlSession@536bb76f]
Creating a new SqlSession
SqlSession [org.apache.ibatis.session.defaults.DefaultSqlSession@3f1384ae] was not registered for synchronization because synchronization is not active
JDBC Connection [HikariProxyConnection@333562210 wrapping com.mysql.cj.jdbc.ConnectionImpl@19b5f7a7] will not be managed by Spring
==>  Preparing: DELETE FROM recent_record WHERE id=?
==> Parameters: 40(Integer)
<==    Updates: 1
Closing non transactional SqlSession [org.apache.ibatis.session.defaults.DefaultSqlSession@3f1384ae]
Creating a new SqlSession
SqlSession [org.apache.ibatis.session.defaults.DefaultSqlSession@10554f29] was not registered for synchronization because synchronization is not active
2026-02-03 20:16:59.996  INFO 4236 --- [nio-8090-exec-3] t.j.common.handler.MyMetaObjectHandler   : start insert fill......
JDBC Connection [HikariProxyConnection@1594249400 wrapping com.mysql.cj.jdbc.ConnectionImpl@19b5f7a7] will not be managed by Spring
==>  Preparing: INSERT INTO recent_record ( song_id, user_id, score, pure, far, lost, combo, potential, time, create_time, update_time ) VALUES ( ?, ?, ?, ?, ?, ?, ?, ?, ?, ?, ? )
==> Parameters: 4(Integer), f732ce64-95c5-44f0-aeb0-823c79fd99b7(String), 243902(Integer), 4(Integer), 0(Integer), 324(Integer), 4(Integer), 0.0(Double), 2026-02-03T20:16:59.994387(LocalDateTime), 2026-02-03T20:16:59.996717(LocalDateTime), 2026-02-03T20:16:59.996730(LocalDateTime)
<==    Updates: 1
Closing non transactional SqlSession [org.apache.ibatis.session.defaults.DefaultSqlSession@10554f29]
Creating a new SqlSession
SqlSession [org.apache.ibatis.session.defaults.DefaultSqlSession@440bad1b] was not registered for synchronization because synchronization is not active
JDBC Connection [HikariProxyConnection@1063640545 wrapping com.mysql.cj.jdbc.ConnectionImpl@19b5f7a7] will not be managed by Spring
==>  Preparing: SELECT id,song_id,user_id,score,pure,far,lost,combo,potential,time,version,create_time,update_time FROM recent_record WHERE (user_id = ?) ORDER BY create_time DESC
==> Parameters: f732ce64-95c5-44f0-aeb0-823c79fd99b7(String)
<==    Columns: id, song_id, user_id, score, pure, far, lost, combo, potential, time, version, create_time, update_time
<==        Row: 51, 4, f732ce64-95c5-44f0-aeb0-823c79fd99b7, 243902, 4, 0, 324, 4, 0.0, 2026-02-03 20:17:00, 1, 2026-02-03 20:17:00, 2026-02-03 20:17:00
<==        Row: 50, 4, f732ce64-95c5-44f0-aeb0-823c79fd99b7, 7195121, 81, 74, 9, 77, 1.31707, 2026-02-01 20:49:53, 1, 2026-02-01 20:49:53, 2026-02-01 20:49:53
<==        Row: 49, 4, f732ce64-95c5-44f0-aeb0-823c79fd99b7, 6890243, 97, 32, 35, 85, 0.30081, 2023-11-22 12:46:31, 1, 2023-11-22 12:46:31, 2023-11-22 12:46:31
<==        Row: 48, 4, f732ce64-95c5-44f0-aeb0-823c79fd99b7, 8597560, 131, 20, 13, 44, 5.99187, 2023-08-02 10:31:44, 1, 2023-08-02 10:31:44, 2023-08-02 10:31:44
<==        Row: 47, 4, f732ce64-95c5-44f0-aeb0-823c79fd99b7, 609756, 8, 4, 152, 9, 0.0, 2023-08-02 10:21:10, 1, 2023-08-02 10:21:10, 2023-08-02 10:21:10
<==        Row: 46, 4, f732ce64-95c5-44f0-aeb0-823c79fd99b7, 8902439, 132, 28, 4, 88, 7.00813, 2023-07-21 22:39:53, 1, 2023-07-21 22:39:53, 2023-07-21 22:39:53
<==        Row: 45, 4, f732ce64-95c5-44f0-aeb0-823c79fd99b7, 9207317, 141, 20, 3, 126, 8.02439, 2023-07-21 18:19:33, 1, 2023-07-21 18:19:33, 2023-07-21 18:19:33
<==        Row: 44, 4, f732ce64-95c5-44f0-aeb0-823c79fd99b7, 0, 0, 0, 164, 0, 0.0, 2023-07-21 15:21:35, 1, 2023-07-21 15:21:35, 2023-07-21 15:21:35
<==        Row: 43, 4, f732ce64-95c5-44f0-aeb0-823c79fd99b7, 8932926, 135, 23, 6, 156, 7.10975, 2023-07-21 15:20:02, 1, 2023-07-21 15:20:02, 2023-07-21 15:20:02
<==        Row: 42, 6, f732ce64-95c5-44f0-aeb0-823c79fd99b7, 9590163, 224, 20, 0, 244, 9.30054, 2022-07-30 18:50:38, 1, 2022-07-30 18:50:38, 2022-07-30 18:50:38
<==        Row: 41, 4, f732ce64-95c5-44f0-aeb0-823c79fd99b7, 0, 0, 0, 112, 0, 0.0, 2022-06-24 11:07:03, 1, 2022-06-24 11:07:03, 2022-06-24 11:07:03
<==        Row: 39, 6, f732ce64-95c5-44f0-aeb0-823c79fd99b7, 9856557, 237, 7, 0, 244, 10.2828, 2022-06-16 23:17:02, 1, 2022-06-16 23:17:02, 2022-06-16 23:17:02
<==        Row: 38, 6, f732ce64-95c5-44f0-aeb0-823c79fd99b7, 9733606, 231, 13, 0, 244, 9.77869, 2022-06-16 23:15:28, 1, 2022-06-16 23:15:28, 2022-06-16 23:15:28
<==        Row: 37, 6, f732ce64-95c5-44f0-aeb0-823c79fd99b7, 6106557, 131, 36, 77, 70, 0.0, 2022-06-16 23:12:36, 1, 2022-06-16 23:12:36, 2022-06-16 23:12:36
<==        Row: 36, 6, f732ce64-95c5-44f0-aeb0-823c79fd99b7, 5881147, 116, 55, 73, 41, 0.0, 2022-06-16 23:11:12, 1, 2022-06-16 23:11:12, 2022-06-16 23:11:12
<==        Row: 35, 7, f732ce64-95c5-44f0-aeb0-823c79fd99b7, 3426966, 72, 100, 184, 7, 0.0, 2022-06-16 23:07:20, 1, 2022-06-16 23:07:20, 2022-06-16 23:07:20
<==        Row: 34, 8, f732ce64-95c5-44f0-aeb0-823c79fd99b7, 5764462, 102, 75, 65, 39, 0.0, 2022-06-16 23:05:35, 1, 2022-06-16 23:05:35, 2022-06-16 23:05:35
<==        Row: 33, 8, f732ce64-95c5-44f0-aeb0-823c79fd99b7, 5206611, 80, 92, 70, 20, 0.0, 2022-06-16 23:04:43, 1, 2022-06-16 23:04:43, 2022-06-16 23:04:43
<==      Total: 18
Closing non transactional SqlSession [org.apache.ibatis.session.defaults.DefaultSqlSession@440bad1b]
Creating a new SqlSession
SqlSession [org.apache.ibatis.session.defaults.DefaultSqlSession@5ef5ed77] was not registered for synchronization because synchronization is not active
JDBC Connection [HikariProxyConnection@1200611527 wrapping com.mysql.cj.jdbc.ConnectionImpl@19b5f7a7] will not be managed by Spring
==>  Preparing: SELECT id,song_id,user_id,score,pure,far,lost,combo,potential,time,version,create_time,update_time FROM recent_record WHERE (song_id = ? AND user_id = ?) ORDER BY score DESC
==> Parameters: 4(Integer), f732ce64-95c5-44f0-aeb0-823c79fd99b7(String)
<==    Columns: id, song_id, user_id, score, pure, far, lost, combo, potential, time, version, create_time, update_time
<==        Row: 45, 4, f732ce64-95c5-44f0-aeb0-823c79fd99b7, 9207317, 141, 20, 3, 126, 8.02439, 2023-07-21 18:19:33, 1, 2023-07-21 18:19:33, 2023-07-21 18:19:33
<==        Row: 43, 4, f732ce64-95c5-44f0-aeb0-823c79fd99b7, 8932926, 135, 23, 6, 156, 7.10975, 2023-07-21 15:20:02, 1, 2023-07-21 15:20:02, 2023-07-21 15:20:02
<==        Row: 46, 4, f732ce64-95c5-44f0-aeb0-823c79fd99b7, 8902439, 132, 28, 4, 88, 7.00813, 2023-07-21 22:39:53, 1, 2023-07-21 22:39:53, 2023-07-21 22:39:53
<==        Row: 48, 4, f732ce64-95c5-44f0-aeb0-823c79fd99b7, 8597560, 131, 20, 13, 44, 5.99187, 2023-08-02 10:31:44, 1, 2023-08-02 10:31:44, 2023-08-02 10:31:44
<==        Row: 50, 4, f732ce64-95c5-44f0-aeb0-823c79fd99b7, 7195121, 81, 74, 9, 77, 1.31707, 2026-02-01 20:49:53, 1, 2026-02-01 20:49:53, 2026-02-01 20:49:53
<==        Row: 49, 4, f732ce64-95c5-44f0-aeb0-823c79fd99b7, 6890243, 97, 32, 35, 85, 0.30081, 2023-11-22 12:46:31, 1, 2023-11-22 12:46:31, 2023-11-22 12:46:31
<==        Row: 47, 4, f732ce64-95c5-44f0-aeb0-823c79fd99b7, 609756, 8, 4, 152, 9, 0.0, 2023-08-02 10:21:10, 1, 2023-08-02 10:21:10, 2023-08-02 10:21:10
<==        Row: 51, 4, f732ce64-95c5-44f0-aeb0-823c79fd99b7, 243902, 4, 0, 324, 4, 0.0, 2026-02-03 20:17:00, 1, 2026-02-03 20:17:00, 2026-02-03 20:17:00
<==        Row: 41, 4, f732ce64-95c5-44f0-aeb0-823c79fd99b7, 0, 0, 0, 112, 0, 0.0, 2022-06-24 11:07:03, 1, 2022-06-24 11:07:03, 2022-06-24 11:07:03
<==        Row: 44, 4, f732ce64-95c5-44f0-aeb0-823c79fd99b7, 0, 0, 0, 164, 0, 0.0, 2023-07-21 15:21:35, 1, 2023-07-21 15:21:35, 2023-07-21 15:21:35
<==      Total: 10
Closing non transactional SqlSession [org.apache.ibatis.session.defaults.DefaultSqlSession@5ef5ed77]
Creating a new SqlSession
SqlSession [org.apache.ibatis.session.defaults.DefaultSqlSession@2001d17a] was not registered for synchronization because synchronization is not active
JDBC Connection [HikariProxyConnection@1374555736 wrapping com.mysql.cj.jdbc.ConnectionImpl@19b5f7a7] will not be managed by Spring
==>  Preparing: SELECT id,song_id,user_id,score,pure,far,lost,combo,potential,time,version,create_time,update_time FROM recent_record WHERE (song_id = ? AND user_id = ?) ORDER BY score DESC
==> Parameters: 6(Integer), f732ce64-95c5-44f0-aeb0-823c79fd99b7(String)
<==    Columns: id, song_id, user_id, score, pure, far, lost, combo, potential, time, version, create_time, update_time
<==        Row: 39, 6, f732ce64-95c5-44f0-aeb0-823c79fd99b7, 9856557, 237, 7, 0, 244, 10.2828, 2022-06-16 23:17:02, 1, 2022-06-16 23:17:02, 2022-06-16 23:17:02
<==        Row: 38, 6, f732ce64-95c5-44f0-aeb0-823c79fd99b7, 9733606, 231, 13, 0, 244, 9.77869, 2022-06-16 23:15:28, 1, 2022-06-16 23:15:28, 2022-06-16 23:15:28
<==        Row: 42, 6, f732ce64-95c5-44f0-aeb0-823c79fd99b7, 9590163, 224, 20, 0, 244, 9.30054, 2022-07-30 18:50:38, 1, 2022-07-30 18:50:38, 2022-07-30 18:50:38
<==        Row: 37, 6, f732ce64-95c5-44f0-aeb0-823c79fd99b7, 6106557, 131, 36, 77, 70, 0.0, 2022-06-16 23:12:36, 1, 2022-06-16 23:12:36, 2022-06-16 23:12:36
<==        Row: 36, 6, f732ce64-95c5-44f0-aeb0-823c79fd99b7, 5881147, 116, 55, 73, 41, 0.0, 2022-06-16 23:11:12, 1, 2022-06-16 23:11:12, 2022-06-16 23:11:12
<==      Total: 5
Closing non transactional SqlSession [org.apache.ibatis.session.defaults.DefaultSqlSession@2001d17a]
Creating a new SqlSession
SqlSession [org.apache.ibatis.session.defaults.DefaultSqlSession@1a80d3f4] was not registered for synchronization because synchronization is not active
JDBC Connection [HikariProxyConnection@883186655 wrapping com.mysql.cj.jdbc.ConnectionImpl@19b5f7a7] will not be managed by Spring
==>  Preparing: SELECT id,song_id,user_id,score,pure,far,lost,combo,potential,time,version,create_time,update_time FROM recent_record WHERE (song_id = ? AND user_id = ?) ORDER BY score DESC
==> Parameters: 7(Integer), f732ce64-95c5-44f0-aeb0-823c79fd99b7(String)
<==    Columns: id, song_id, user_id, score, pure, far, lost, combo, potential, time, version, create_time, update_time
<==        Row: 35, 7, f732ce64-95c5-44f0-aeb0-823c79fd99b7, 3426966, 72, 100, 184, 7, 0.0, 2022-06-16 23:07:20, 1, 2022-06-16 23:07:20, 2022-06-16 23:07:20
<==      Total: 1
Closing non transactional SqlSession [org.apache.ibatis.session.defaults.DefaultSqlSession@1a80d3f4]
Creating a new SqlSession
SqlSession [org.apache.ibatis.session.defaults.DefaultSqlSession@6fe7c81] was not registered for synchronization because synchronization is not active
JDBC Connection [HikariProxyConnection@452788441 wrapping com.mysql.cj.jdbc.ConnectionImpl@19b5f7a7] will not be managed by Spring
==>  Preparing: SELECT id,song_id,user_id,score,pure,far,lost,combo,potential,time,version,create_time,update_time FROM recent_record WHERE (song_id = ? AND user_id = ?) ORDER BY score DESC
==> Parameters: 8(Integer), f732ce64-95c5-44f0-aeb0-823c79fd99b7(String)
<==    Columns: id, song_id, user_id, score, pure, far, lost, combo, potential, time, version, create_time, update_time
<==        Row: 34, 8, f732ce64-95c5-44f0-aeb0-823c79fd99b7, 5764462, 102, 75, 65, 39, 0.0, 2022-06-16 23:05:35, 1, 2022-06-16 23:05:35, 2022-06-16 23:05:35
<==        Row: 33, 8, f732ce64-95c5-44f0-aeb0-823c79fd99b7, 5206611, 80, 92, 70, 20, 0.0, 2022-06-16 23:04:43, 1, 2022-06-16 23:04:43, 2022-06-16 23:04:43
<==      Total: 2
Closing non transactional SqlSession [org.apache.ibatis.session.defaults.DefaultSqlSession@6fe7c81]
Creating a new SqlSession
SqlSession [org.apache.ibatis.session.defaults.DefaultSqlSession@24c42f92] was not registered for synchronization because synchronization is not active
JDBC Connection [HikariProxyConnection@1447888923 wrapping com.mysql.cj.jdbc.ConnectionImpl@19b5f7a7] will not be managed by Spring
==>  Preparing: select sum(potential) as potential from (select potential from best_record where user_id = ? order by potential desc limit 10) as A
==> Parameters: f732ce64-95c5-44f0-aeb0-823c79fd99b7(String)
<==    Columns: potential
<==        Row: 32.954991817474365
<==      Total: 1
Closing non transactional SqlSession [org.apache.ibatis.session.defaults.DefaultSqlSession@24c42f92]
Creating a new SqlSession
SqlSession [org.apache.ibatis.session.defaults.DefaultSqlSession@7a1b0e08] was not registered for synchronization because synchronization is not active
JDBC Connection [HikariProxyConnection@987348319 wrapping com.mysql.cj.jdbc.ConnectionImpl@19b5f7a7] will not be managed by Spring
==>  Preparing: SELECT user_id,username,password,potential,is_admin,icon,version,create_time,update_time FROM user WHERE user_id=?
==> Parameters: f732ce64-95c5-44f0-aeb0-823c79fd99b7(String)
<==    Columns: user_id, username, password, potential, is_admin, icon, version, create_time, update_time
<==        Row: f732ce64-95c5-44f0-aeb0-823c79fd99b7, charlot, $2a$10$6e514wXvtFB0IXLJYe70Au.6Uuw/Zs71xwZKMb8KTVknvLQajAQfy, 3.5462, 1, http://localhost:8090/WechatIMG591.jpeg, 1, 2022-06-15 20:40:39, 2026-02-01 20:49:53
<==      Total: 1
Closing non transactional SqlSession [org.apache.ibatis.session.defaults.DefaultSqlSession@7a1b0e08]
Creating a new SqlSession
SqlSession [org.apache.ibatis.session.defaults.DefaultSqlSession@1afe79b5] was not registered for synchronization because synchronization is not active
2026-02-03 20:17:00.037  INFO 4236 --- [nio-8090-exec-3] t.j.common.handler.MyMetaObjectHandler   : start update fill......
JDBC Connection [HikariProxyConnection@1341337248 wrapping com.mysql.cj.jdbc.ConnectionImpl@19b5f7a7] will not be managed by Spring
==>  Preparing: UPDATE user SET username=?, password=?, potential=?, is_admin=?, icon=?, version=?, create_time=?, update_time=? WHERE (user_id = ?)
==> Parameters: charlot(String), $2a$10$6e514wXvtFB0IXLJYe70Au.6Uuw/Zs71xwZKMb8KTVknvLQajAQfy(String), 3.4174788(Float), 1(Integer), http://localhost:8090/WechatIMG591.jpeg(String), 1(Integer), 2022-06-15T20:40:39(LocalDateTime), 2026-02-03T20:17:00.037982(LocalDateTime), f732ce64-95c5-44f0-aeb0-823c79fd99b7(String)
<==    Updates: 1
Closing non transactional SqlSession [org.apache.ibatis.session.defaults.DefaultSqlSession@1afe79b5]
Creating a new SqlSession
SqlSession [org.apache.ibatis.session.defaults.DefaultSqlSession@5f33d141] was not registered for synchronization because synchronization is not active
2026-02-03 20:17:00.042  INFO 4236 --- [nio-8090-exec-3] t.j.common.handler.MyMetaObjectHandler   : start update fill......
JDBC Connection [HikariProxyConnection@1576746788 wrapping com.mysql.cj.jdbc.ConnectionImpl@19b5f7a7] will not be managed by Spring
==>  Preparing: UPDATE song SET song_name=?, song_writer=?, chart_constant=?, status=?, play_time=?, uploader_id=?, song_cover=?, default_background=?, notes_count=?, loading_text=?, loaded_text=?, upload_date=?, song_url=?, bpm=?, first_beat_delay=?, version=?, create_time=?, update_time=? WHERE (id = ?)
==> Parameters: 熱愛発覚中(String), 椎名林檎(String), 9.0(Float), 2(Integer), 35(Integer), f732ce64-95c5-44f0-aeb0-823c79fd99b7(String), http://localhost:8090/netsuai-cover.jpg(String), http://localhost:8090/netsuai-0.jpg(String), 164(Integer), 热爱发掘中(String), 发掘完了(String), 2022-06-15 20:40:46.0(Timestamp), http://localhost:8090/1.wav(String), 350.0(Float), 3530(Integer), 1(Integer), 2022-06-15T20:40:46(LocalDateTime), 2026-02-03T20:17:00.042258(LocalDateTime), 4(String)
<==    Updates: 1
Closing non transactional SqlSession [org.apache.ibatis.session.defaults.DefaultSqlSession@5f33d141]
2026-02-03 20:17:00.045 DEBUG 4236 --- [nio-8090-exec-3] m.m.a.RequestResponseBodyMethodProcessor : Using 'application/json', given [application/json, text/plain, */*] and supported [application/json, application/*+json, application/json, application/*+json]
2026-02-03 20:17:00.045 DEBUG 4236 --- [nio-8090-exec-3] m.m.a.RequestResponseBodyMethodProcessor : Writing [{"code":0, "msg":"Success", "data":false}]
2026-02-03 20:17:00.046 DEBUG 4236 --- [nio-8090-exec-3] o.s.web.servlet.DispatcherServlet        : Completed 200 OK
2026-02-03 20:17:01.939 DEBUG 4236 --- [nio-8090-exec-6] o.s.web.servlet.DispatcherServlet        : GET "/netsuai-cover.jpg", parameters={}
2026-02-03 20:17:01.939 DEBUG 4236 --- [nio-8090-exec-6] o.s.w.s.handler.SimpleUrlHandlerMapping  : Mapped to ResourceHttpRequestHandler [classpath [META-INF/resources/], classpath [resources/], classpath [static/], classpath [public/], URL [file:./data/], ServletContext [/]]
2026-02-03 20:17:01.940 DEBUG 4236 --- [nio-8090-exec-6] o.s.web.servlet.DispatcherServlet        : Completed 304 NOT_MODIFIED
2026-02-03 20:17:11.450 DEBUG 4236 --- [nio-8090-exec-7] o.s.web.servlet.DispatcherServlet        : GET "/WechatIMG591.jpeg", parameters={}
2026-02-03 20:17:11.451 DEBUG 4236 --- [nio-8090-exec-7] o.s.w.s.handler.SimpleUrlHandlerMapping  : Mapped to ResourceHttpRequestHandler [classpath [META-INF/resources/], classpath [resources/], classpath [static/], classpath [public/], URL [file:./data/], ServletContext [/]]
2026-02-03 20:17:11.452 DEBUG 4236 --- [nio-8090-exec-5] o.s.web.servlet.DispatcherServlet        : OPTIONS "/user/getPublicCharts", parameters={}
2026-02-03 20:17:11.452 DEBUG 4236 --- [nio-8090-exec-5] s.w.s.m.m.a.RequestMappingHandlerMapping : Mapped to team.javaee.controller.UserController#getPublicCharts(HttpServletRequest, PublicChartsDTO)
2026-02-03 20:17:11.453 DEBUG 4236 --- [nio-8090-exec-5] o.s.web.servlet.DispatcherServlet        : Completed 200 OK
2026-02-03 20:17:11.453 DEBUG 4236 --- [nio-8090-exec-7] o.s.web.servlet.DispatcherServlet        : Completed 200 OK
2026-02-03 20:17:11.454 DEBUG 4236 --- [nio-8090-exec-8] o.s.web.servlet.DispatcherServlet        : POST "/user/getPublicCharts", parameters={}
2026-02-03 20:17:11.454 DEBUG 4236 --- [nio-8090-exec-8] s.w.s.m.m.a.RequestMappingHandlerMapping : Mapped to team.javaee.controller.UserController#getPublicCharts(HttpServletRequest, PublicChartsDTO)
2026-02-03 20:17:11.469 DEBUG 4236 --- [nio-8090-exec-8] m.m.a.RequestResponseBodyMethodProcessor : Read "application/json;charset=UTF-8" to [PublicChartsDTO(status=2, searchType=0, searchContent=, sortType=4, sortWay=1)]
Creating a new SqlSession
SqlSession [org.apache.ibatis.session.defaults.DefaultSqlSession@4b661ced] was not registered for synchronization because synchronization is not active
JDBC Connection [HikariProxyConnection@1868434555 wrapping com.mysql.cj.jdbc.ConnectionImpl@19b5f7a7] will not be managed by Spring
==>  Preparing: SELECT id,song_name,song_writer,chart_constant,status,play_time,uploader_id,song_cover,default_background,notes_count,loading_text,loaded_text,upload_date,song_length,song_url,bpm,first_beat_delay,version,create_time,update_time FROM song WHERE (status = ?)
==> Parameters: 2(String)
<==    Columns: id, song_name, song_writer, chart_constant, status, play_time, uploader_id, song_cover, default_background, notes_count, loading_text, loaded_text, upload_date, song_length, song_url, bpm, first_beat_delay, version, create_time, update_time
<==        Row: 4, 熱愛発覚中, 椎名林檎, 9.0, 2, 35, f732ce64-95c5-44f0-aeb0-823c79fd99b7, http://localhost:8090/netsuai-cover.jpg, http://localhost:8090/netsuai-0.jpg, 164, 热爱发掘中, 发掘完了, 2022-06-15 20:40:46, null, http://localhost:8090/1.wav, 350.0, 3530, 1, 2022-06-15 20:40:46, 2026-02-03 20:17:00
<==        Row: 6, world.execute(me);, Mili, 9.0, 2, 8, f732ce64-95c5-44f0-aeb0-823c79fd99b7, http://localhost:8090/world-execute-me-cover.jpg, http://localhost:8090/world-execute-me-0.PNG, 244, 世界处刑中……, 处刑完毕, 2022-06-16 09:28:46, null, http://localhost:8090/2.wav, null, null, 1, 2022-06-16 09:28:46, 2022-07-30 18:50:38
<==        Row: 7, AegleSeeker, Silentroom vs Frums, 11.0, 2, 5, f732ce64-95c5-44f0-aeb0-823c79fd99b7, http://localhost:8090/aegle-cover.jpg, http://localhost:8090/aegle-0.JPG, 356, And in that light……, You will find deliverance., 2022-06-16 10:01:48, null, http://localhost:8090/4.wav, null, null, 1, 2022-06-16 10:01:48, 2022-06-16 23:07:20
<==        Row: 8, 迷える音色は恋の唄, はるの, 11.0, 2, 6, f732ce64-95c5-44f0-aeb0-823c79fd99b7, http://localhost:8090/koinouta-cover.jpg, http://localhost:8090/koinouta-0.jpg, 242, ほら、きっと、そう見えるかな……, 迷える音色は恋の唄, 2022-06-16 10:29:24, null, http://localhost:8090/3.wav, 1.0, 0, 1, 2022-06-16 10:29:24, 2022-06-16 23:05:35
<==      Total: 4
Closing non transactional SqlSession [org.apache.ibatis.session.defaults.DefaultSqlSession@4b661ced]
Creating a new SqlSession
SqlSession [org.apache.ibatis.session.defaults.DefaultSqlSession@3e65880b] was not registered for synchronization because synchronization is not active
JDBC Connection [HikariProxyConnection@1168075358 wrapping com.mysql.cj.jdbc.ConnectionImpl@19b5f7a7] will not be managed by Spring
==>  Preparing: SELECT user_id,username,password,potential,is_admin,icon,version,create_time,update_time FROM user WHERE user_id=?
==> Parameters: f732ce64-95c5-44f0-aeb0-823c79fd99b7(String)
<==    Columns: user_id, username, password, potential, is_admin, icon, version, create_time, update_time
<==        Row: f732ce64-95c5-44f0-aeb0-823c79fd99b7, charlot, $2a$10$6e514wXvtFB0IXLJYe70Au.6Uuw/Zs71xwZKMb8KTVknvLQajAQfy, 3.41748, 1, http://localhost:8090/WechatIMG591.jpeg, 1, 2022-06-15 20:40:39, 2026-02-03 20:17:00
<==      Total: 1
Closing non transactional SqlSession [org.apache.ibatis.session.defaults.DefaultSqlSession@3e65880b]
Creating a new SqlSession
SqlSession [org.apache.ibatis.session.defaults.DefaultSqlSession@289cb21f] was not registered for synchronization because synchronization is not active
JDBC Connection [HikariProxyConnection@975917783 wrapping com.mysql.cj.jdbc.ConnectionImpl@19b5f7a7] will not be managed by Spring
==>  Preparing: SELECT id,song_id,user_id,score,pure,far,lost,combo,potential,time,version,create_time,update_time FROM best_record WHERE (song_id = ? AND user_id = ?)
==> Parameters: 4(Integer), f732ce64-95c5-44f0-aeb0-823c79fd99b7(String)
<==    Columns: id, song_id, user_id, score, pure, far, lost, combo, potential, time, version, create_time, update_time
<==        Row: 3, 4, f732ce64-95c5-44f0-aeb0-823c79fd99b7, 10000000, 164, 0, 0, 164, 11.0, 2022-06-15 22:45:37, 1, 2022-06-15 22:45:37, 2022-06-15 22:45:37
<==      Total: 1
Closing non transactional SqlSession [org.apache.ibatis.session.defaults.DefaultSqlSession@289cb21f]
Creating a new SqlSession
SqlSession [org.apache.ibatis.session.defaults.DefaultSqlSession@7c28458a] was not registered for synchronization because synchronization is not active
JDBC Connection [HikariProxyConnection@1541600964 wrapping com.mysql.cj.jdbc.ConnectionImpl@19b5f7a7] will not be managed by Spring
==>  Preparing: SELECT id,song_id,user_id,score,pure,far,lost,combo,potential,time,version,create_time,update_time FROM best_record WHERE (song_id = ?)
==> Parameters: 4(Integer)
<==    Columns: id, song_id, user_id, score, pure, far, lost, combo, potential, time, version, create_time, update_time
<==        Row: 3, 4, f732ce64-95c5-44f0-aeb0-823c79fd99b7, 10000000, 164, 0, 0, 164, 11.0, 2022-06-15 22:45:37, 1, 2022-06-15 22:45:37, 2022-06-15 22:45:37
<==        Row: 7, 4, 5e033e52-9f77-4991-acf3-4bbaeee999f3, 9817073, 158, 6, 0, 164, 10.0854, 2022-06-16 13:25:45, 1, 2022-06-16 13:25:45, 2022-06-16 13:25:45
<==        Row: 11, 4, b28586b7-8bc6-4824-a645-c70f040e2fca, 9024390, 137, 22, 5, 153, 7.41463, 2022-06-16 13:35:19, 1, 2022-06-16 13:35:19, 2022-06-16 13:35:19
<==      Total: 3
Closing non transactional SqlSession [org.apache.ibatis.session.defaults.DefaultSqlSession@7c28458a]
Creating a new SqlSession
SqlSession [org.apache.ibatis.session.defaults.DefaultSqlSession@325e0182] was not registered for synchronization because synchronization is not active
JDBC Connection [HikariProxyConnection@2118555099 wrapping com.mysql.cj.jdbc.ConnectionImpl@19b5f7a7] will not be managed by Spring
==>  Preparing: SELECT id,song_id,user_id,score,pure,far,lost,combo,potential,time,version,create_time,update_time FROM best_record WHERE (song_id = ?)
==> Parameters: 4(Integer)
<==    Columns: id, song_id, user_id, score, pure, far, lost, combo, potential, time, version, create_time, update_time
<==        Row: 3, 4, f732ce64-95c5-44f0-aeb0-823c79fd99b7, 10000000, 164, 0, 0, 164, 11.0, 2022-06-15 22:45:37, 1, 2022-06-15 22:45:37, 2022-06-15 22:45:37
<==        Row: 7, 4, 5e033e52-9f77-4991-acf3-4bbaeee999f3, 9817073, 158, 6, 0, 164, 10.0854, 2022-06-16 13:25:45, 1, 2022-06-16 13:25:45, 2022-06-16 13:25:45
<==        Row: 11, 4, b28586b7-8bc6-4824-a645-c70f040e2fca, 9024390, 137, 22, 5, 153, 7.41463, 2022-06-16 13:35:19, 1, 2022-06-16 13:35:19, 2022-06-16 13:35:19
<==      Total: 3
Closing non transactional SqlSession [org.apache.ibatis.session.defaults.DefaultSqlSession@325e0182]
Creating a new SqlSession
SqlSession [org.apache.ibatis.session.defaults.DefaultSqlSession@3ce5b715] was not registered for synchronization because synchronization is not active
JDBC Connection [HikariProxyConnection@2130043674 wrapping com.mysql.cj.jdbc.ConnectionImpl@19b5f7a7] will not be managed by Spring
==>  Preparing: SELECT user_id,username,password,potential,is_admin,icon,version,create_time,update_time FROM user WHERE (user_id = ?)
==> Parameters: f732ce64-95c5-44f0-aeb0-823c79fd99b7(String)
<==    Columns: user_id, username, password, potential, is_admin, icon, version, create_time, update_time
<==        Row: f732ce64-95c5-44f0-aeb0-823c79fd99b7, charlot, $2a$10$6e514wXvtFB0IXLJYe70Au.6Uuw/Zs71xwZKMb8KTVknvLQajAQfy, 3.41748, 1, http://localhost:8090/WechatIMG591.jpeg, 1, 2022-06-15 20:40:39, 2026-02-03 20:17:00
<==      Total: 1
Closing non transactional SqlSession [org.apache.ibatis.session.defaults.DefaultSqlSession@3ce5b715]
Creating a new SqlSession
SqlSession [org.apache.ibatis.session.defaults.DefaultSqlSession@2a4c464d] was not registered for synchronization because synchronization is not active
JDBC Connection [HikariProxyConnection@998248718 wrapping com.mysql.cj.jdbc.ConnectionImpl@19b5f7a7] will not be managed by Spring
==>  Preparing: SELECT user_id,username,password,potential,is_admin,icon,version,create_time,update_time FROM user WHERE (user_id = ?)
==> Parameters: 5e033e52-9f77-4991-acf3-4bbaeee999f3(String)
<==    Columns: user_id, username, password, potential, is_admin, icon, version, create_time, update_time
<==        Row: 5e033e52-9f77-4991-acf3-4bbaeee999f3, zzk, 123456, 2.70574, 0, http://localhost:8090/20220616132443.png, 1, 2022-06-16 13:24:06, 2022-06-16 13:32:21
<==      Total: 1
Closing non transactional SqlSession [org.apache.ibatis.session.defaults.DefaultSqlSession@2a4c464d]
Creating a new SqlSession
SqlSession [org.apache.ibatis.session.defaults.DefaultSqlSession@64af118b] was not registered for synchronization because synchronization is not active
JDBC Connection [HikariProxyConnection@739859837 wrapping com.mysql.cj.jdbc.ConnectionImpl@19b5f7a7] will not be managed by Spring
==>  Preparing: SELECT user_id,username,password,potential,is_admin,icon,version,create_time,update_time FROM user WHERE (user_id = ?)
==> Parameters: b28586b7-8bc6-4824-a645-c70f040e2fca(String)
<==    Columns: user_id, username, password, potential, is_admin, icon, version, create_time, update_time
<==        Row: b28586b7-8bc6-4824-a645-c70f040e2fca, gzf, 123456, 0.988618, 0, http://localhost:8090/20220616132700.png, 1, 2022-06-16 13:33:10, 2022-06-16 13:38:40
<==      Total: 1
Closing non transactional SqlSession [org.apache.ibatis.session.defaults.DefaultSqlSession@64af118b]
Creating a new SqlSession
SqlSession [org.apache.ibatis.session.defaults.DefaultSqlSession@1bd83d53] was not registered for synchronization because synchronization is not active
JDBC Connection [HikariProxyConnection@124208362 wrapping com.mysql.cj.jdbc.ConnectionImpl@19b5f7a7] will not be managed by Spring
==>  Preparing: SELECT user_id,username,password,potential,is_admin,icon,version,create_time,update_time FROM user WHERE user_id=?
==> Parameters: f732ce64-95c5-44f0-aeb0-823c79fd99b7(String)
<==    Columns: user_id, username, password, potential, is_admin, icon, version, create_time, update_time
<==        Row: f732ce64-95c5-44f0-aeb0-823c79fd99b7, charlot, $2a$10$6e514wXvtFB0IXLJYe70Au.6Uuw/Zs71xwZKMb8KTVknvLQajAQfy, 3.41748, 1, http://localhost:8090/WechatIMG591.jpeg, 1, 2022-06-15 20:40:39, 2026-02-03 20:17:00
<==      Total: 1
Closing non transactional SqlSession [org.apache.ibatis.session.defaults.DefaultSqlSession@1bd83d53]
Creating a new SqlSession
SqlSession [org.apache.ibatis.session.defaults.DefaultSqlSession@279300c8] was not registered for synchronization because synchronization is not active
JDBC Connection [HikariProxyConnection@2113635276 wrapping com.mysql.cj.jdbc.ConnectionImpl@19b5f7a7] will not be managed by Spring
==>  Preparing: SELECT id,song_id,user_id,score,pure,far,lost,combo,potential,time,version,create_time,update_time FROM best_record WHERE (song_id = ? AND user_id = ?)
==> Parameters: 6(Integer), f732ce64-95c5-44f0-aeb0-823c79fd99b7(String)
<==    Columns: id, song_id, user_id, score, pure, far, lost, combo, potential, time, version, create_time, update_time
<==        Row: 18, 6, f732ce64-95c5-44f0-aeb0-823c79fd99b7, 9856557, 237, 7, 0, 244, 10.2828, 2022-06-16 23:17:02, 1, 2022-06-16 23:17:02, 2022-06-16 23:17:02
<==      Total: 1
Closing non transactional SqlSession [org.apache.ibatis.session.defaults.DefaultSqlSession@279300c8]
Creating a new SqlSession
SqlSession [org.apache.ibatis.session.defaults.DefaultSqlSession@3992ce20] was not registered for synchronization because synchronization is not active
JDBC Connection [HikariProxyConnection@104336538 wrapping com.mysql.cj.jdbc.ConnectionImpl@19b5f7a7] will not be managed by Spring
==>  Preparing: SELECT id,song_id,user_id,score,pure,far,lost,combo,potential,time,version,create_time,update_time FROM best_record WHERE (song_id = ?)
==> Parameters: 6(Integer)
<==    Columns: id, song_id, user_id, score, pure, far, lost, combo, potential, time, version, create_time, update_time
<==        Row: 8, 6, 5e033e52-9f77-4991-acf3-4bbaeee999f3, 9528688, 221, 23, 0, 244, 9.09563, 2022-06-16 13:29:00, 1, 2022-06-16 13:29:00, 2022-06-16 13:29:00
<==        Row: 12, 6, b28586b7-8bc6-4824-a645-c70f040e2fca, 778688, 15, 8, 221, 8, 0.0, 2022-06-16 13:36:32, 1, 2022-06-16 13:36:32, 2022-06-16 13:36:32
<==        Row: 18, 6, f732ce64-95c5-44f0-aeb0-823c79fd99b7, 9856557, 237, 7, 0, 244, 10.2828, 2022-06-16 23:17:02, 1, 2022-06-16 23:17:02, 2022-06-16 23:17:02
<==      Total: 3
Closing non transactional SqlSession [org.apache.ibatis.session.defaults.DefaultSqlSession@3992ce20]
Creating a new SqlSession
SqlSession [org.apache.ibatis.session.defaults.DefaultSqlSession@51c86ca0] was not registered for synchronization because synchronization is not active
JDBC Connection [HikariProxyConnection@2114210679 wrapping com.mysql.cj.jdbc.ConnectionImpl@19b5f7a7] will not be managed by Spring
==>  Preparing: SELECT id,song_id,user_id,score,pure,far,lost,combo,potential,time,version,create_time,update_time FROM best_record WHERE (song_id = ?)
==> Parameters: 6(Integer)
<==    Columns: id, song_id, user_id, score, pure, far, lost, combo, potential, time, version, create_time, update_time
<==        Row: 8, 6, 5e033e52-9f77-4991-acf3-4bbaeee999f3, 9528688, 221, 23, 0, 244, 9.09563, 2022-06-16 13:29:00, 1, 2022-06-16 13:29:00, 2022-06-16 13:29:00
<==        Row: 12, 6, b28586b7-8bc6-4824-a645-c70f040e2fca, 778688, 15, 8, 221, 8, 0.0, 2022-06-16 13:36:32, 1, 2022-06-16 13:36:32, 2022-06-16 13:36:32
<==        Row: 18, 6, f732ce64-95c5-44f0-aeb0-823c79fd99b7, 9856557, 237, 7, 0, 244, 10.2828, 2022-06-16 23:17:02, 1, 2022-06-16 23:17:02, 2022-06-16 23:17:02
<==      Total: 3
Closing non transactional SqlSession [org.apache.ibatis.session.defaults.DefaultSqlSession@51c86ca0]
Creating a new SqlSession
SqlSession [org.apache.ibatis.session.defaults.DefaultSqlSession@7f76660a] was not registered for synchronization because synchronization is not active
JDBC Connection [HikariProxyConnection@1841932328 wrapping com.mysql.cj.jdbc.ConnectionImpl@19b5f7a7] will not be managed by Spring
==>  Preparing: SELECT user_id,username,password,potential,is_admin,icon,version,create_time,update_time FROM user WHERE (user_id = ?)
==> Parameters: f732ce64-95c5-44f0-aeb0-823c79fd99b7(String)
<==    Columns: user_id, username, password, potential, is_admin, icon, version, create_time, update_time
<==        Row: f732ce64-95c5-44f0-aeb0-823c79fd99b7, charlot, $2a$10$6e514wXvtFB0IXLJYe70Au.6Uuw/Zs71xwZKMb8KTVknvLQajAQfy, 3.41748, 1, http://localhost:8090/WechatIMG591.jpeg, 1, 2022-06-15 20:40:39, 2026-02-03 20:17:00
<==      Total: 1
Closing non transactional SqlSession [org.apache.ibatis.session.defaults.DefaultSqlSession@7f76660a]
Creating a new SqlSession
SqlSession [org.apache.ibatis.session.defaults.DefaultSqlSession@7f3d7a91] was not registered for synchronization because synchronization is not active
JDBC Connection [HikariProxyConnection@867636554 wrapping com.mysql.cj.jdbc.ConnectionImpl@19b5f7a7] will not be managed by Spring
==>  Preparing: SELECT user_id,username,password,potential,is_admin,icon,version,create_time,update_time FROM user WHERE (user_id = ?)
==> Parameters: 5e033e52-9f77-4991-acf3-4bbaeee999f3(String)
<==    Columns: user_id, username, password, potential, is_admin, icon, version, create_time, update_time
<==        Row: 5e033e52-9f77-4991-acf3-4bbaeee999f3, zzk, 123456, 2.70574, 0, http://localhost:8090/20220616132443.png, 1, 2022-06-16 13:24:06, 2022-06-16 13:32:21
<==      Total: 1
Closing non transactional SqlSession [org.apache.ibatis.session.defaults.DefaultSqlSession@7f3d7a91]
Creating a new SqlSession
SqlSession [org.apache.ibatis.session.defaults.DefaultSqlSession@72fc522b] was not registered for synchronization because synchronization is not active
JDBC Connection [HikariProxyConnection@1711359767 wrapping com.mysql.cj.jdbc.ConnectionImpl@19b5f7a7] will not be managed by Spring
==>  Preparing: SELECT user_id,username,password,potential,is_admin,icon,version,create_time,update_time FROM user WHERE (user_id = ?)
==> Parameters: b28586b7-8bc6-4824-a645-c70f040e2fca(String)
<==    Columns: user_id, username, password, potential, is_admin, icon, version, create_time, update_time
<==        Row: b28586b7-8bc6-4824-a645-c70f040e2fca, gzf, 123456, 0.988618, 0, http://localhost:8090/20220616132700.png, 1, 2022-06-16 13:33:10, 2022-06-16 13:38:40
<==      Total: 1
Closing non transactional SqlSession [org.apache.ibatis.session.defaults.DefaultSqlSession@72fc522b]
Creating a new SqlSession
SqlSession [org.apache.ibatis.session.defaults.DefaultSqlSession@5ff1d05] was not registered for synchronization because synchronization is not active
JDBC Connection [HikariProxyConnection@352483995 wrapping com.mysql.cj.jdbc.ConnectionImpl@19b5f7a7] will not be managed by Spring
==>  Preparing: SELECT user_id,username,password,potential,is_admin,icon,version,create_time,update_time FROM user WHERE user_id=?
==> Parameters: f732ce64-95c5-44f0-aeb0-823c79fd99b7(String)
<==    Columns: user_id, username, password, potential, is_admin, icon, version, create_time, update_time
<==        Row: f732ce64-95c5-44f0-aeb0-823c79fd99b7, charlot, $2a$10$6e514wXvtFB0IXLJYe70Au.6Uuw/Zs71xwZKMb8KTVknvLQajAQfy, 3.41748, 1, http://localhost:8090/WechatIMG591.jpeg, 1, 2022-06-15 20:40:39, 2026-02-03 20:17:00
<==      Total: 1
Closing non transactional SqlSession [org.apache.ibatis.session.defaults.DefaultSqlSession@5ff1d05]
Creating a new SqlSession
SqlSession [org.apache.ibatis.session.defaults.DefaultSqlSession@2c0b6bf2] was not registered for synchronization because synchronization is not active
JDBC Connection [HikariProxyConnection@1373723715 wrapping com.mysql.cj.jdbc.ConnectionImpl@19b5f7a7] will not be managed by Spring
==>  Preparing: SELECT id,song_id,user_id,score,pure,far,lost,combo,potential,time,version,create_time,update_time FROM best_record WHERE (song_id = ? AND user_id = ?)
==> Parameters: 7(Integer), f732ce64-95c5-44f0-aeb0-823c79fd99b7(String)
<==    Columns: id, song_id, user_id, score, pure, far, lost, combo, potential, time, version, create_time, update_time
<==        Row: 6, 7, f732ce64-95c5-44f0-aeb0-823c79fd99b7, 7471910, 222, 88, 46, 40, 4.2397, 2022-06-16 10:39:44, 1, 2022-06-16 10:39:44, 2022-06-16 10:39:44
<==      Total: 1
Closing non transactional SqlSession [org.apache.ibatis.session.defaults.DefaultSqlSession@2c0b6bf2]
Creating a new SqlSession
SqlSession [org.apache.ibatis.session.defaults.DefaultSqlSession@13d42f55] was not registered for synchronization because synchronization is not active
JDBC Connection [HikariProxyConnection@1685557798 wrapping com.mysql.cj.jdbc.ConnectionImpl@19b5f7a7] will not be managed by Spring
==>  Preparing: SELECT id,song_id,user_id,score,pure,far,lost,combo,potential,time,version,create_time,update_time FROM best_record WHERE (song_id = ?)
==> Parameters: 7(Integer)
<==    Columns: id, song_id, user_id, score, pure, far, lost, combo, potential, time, version, create_time, update_time
<==        Row: 6, 7, f732ce64-95c5-44f0-aeb0-823c79fd99b7, 7471910, 222, 88, 46, 40, 4.2397, 2022-06-16 10:39:44, 1, 2022-06-16 10:39:44, 2022-06-16 10:39:44
<==        Row: 9, 7, 5e033e52-9f77-4991-acf3-4bbaeee999f3, 7345505, 220, 83, 53, 69, 3.81835, 2022-06-16 13:31:33, 1, 2022-06-16 13:31:33, 2022-06-16 13:31:33
<==        Row: 15, 7, 52dfcbef-4f71-4c13-b474-6a5af9681342, 3061797, 87, 44, 225, 21, 0.0, 2022-06-16 13:38:03, 1, 2022-06-16 13:38:03, 2022-06-16 13:38:03
<==        Row: 16, 7, b28586b7-8bc6-4824-a645-c70f040e2fca, 2808988, 70, 60, 226, 20, 0.0, 2022-06-16 13:38:40, 1, 2022-06-16 13:38:40, 2022-06-16 13:38:40
<==      Total: 4
Closing non transactional SqlSession [org.apache.ibatis.session.defaults.DefaultSqlSession@13d42f55]
Creating a new SqlSession
SqlSession [org.apache.ibatis.session.defaults.DefaultSqlSession@61d26f1e] was not registered for synchronization because synchronization is not active
JDBC Connection [HikariProxyConnection@1397639926 wrapping com.mysql.cj.jdbc.ConnectionImpl@19b5f7a7] will not be managed by Spring
==>  Preparing: SELECT id,song_id,user_id,score,pure,far,lost,combo,potential,time,version,create_time,update_time FROM best_record WHERE (song_id = ?)
==> Parameters: 7(Integer)
<==    Columns: id, song_id, user_id, score, pure, far, lost, combo, potential, time, version, create_time, update_time
<==        Row: 6, 7, f732ce64-95c5-44f0-aeb0-823c79fd99b7, 7471910, 222, 88, 46, 40, 4.2397, 2022-06-16 10:39:44, 1, 2022-06-16 10:39:44, 2022-06-16 10:39:44
<==        Row: 9, 7, 5e033e52-9f77-4991-acf3-4bbaeee999f3, 7345505, 220, 83, 53, 69, 3.81835, 2022-06-16 13:31:33, 1, 2022-06-16 13:31:33, 2022-06-16 13:31:33
<==        Row: 15, 7, 52dfcbef-4f71-4c13-b474-6a5af9681342, 3061797, 87, 44, 225, 21, 0.0, 2022-06-16 13:38:03, 1, 2022-06-16 13:38:03, 2022-06-16 13:38:03
<==        Row: 16, 7, b28586b7-8bc6-4824-a645-c70f040e2fca, 2808988, 70, 60, 226, 20, 0.0, 2022-06-16 13:38:40, 1, 2022-06-16 13:38:40, 2022-06-16 13:38:40
<==      Total: 4
Closing non transactional SqlSession [org.apache.ibatis.session.defaults.DefaultSqlSession@61d26f1e]
Creating a new SqlSession
SqlSession [org.apache.ibatis.session.defaults.DefaultSqlSession@4ad3567b] was not registered for synchronization because synchronization is not active
JDBC Connection [HikariProxyConnection@948664992 wrapping com.mysql.cj.jdbc.ConnectionImpl@19b5f7a7] will not be managed by Spring
==>  Preparing: SELECT user_id,username,password,potential,is_admin,icon,version,create_time,update_time FROM user WHERE (user_id = ?)
==> Parameters: f732ce64-95c5-44f0-aeb0-823c79fd99b7(String)
<==    Columns: user_id, username, password, potential, is_admin, icon, version, create_time, update_time
<==        Row: f732ce64-95c5-44f0-aeb0-823c79fd99b7, charlot, $2a$10$6e514wXvtFB0IXLJYe70Au.6Uuw/Zs71xwZKMb8KTVknvLQajAQfy, 3.41748, 1, http://localhost:8090/WechatIMG591.jpeg, 1, 2022-06-15 20:40:39, 2026-02-03 20:17:00
<==      Total: 1
Closing non transactional SqlSession [org.apache.ibatis.session.defaults.DefaultSqlSession@4ad3567b]
Creating a new SqlSession
SqlSession [org.apache.ibatis.session.defaults.DefaultSqlSession@12e8114c] was not registered for synchronization because synchronization is not active
JDBC Connection [HikariProxyConnection@1121517028 wrapping com.mysql.cj.jdbc.ConnectionImpl@19b5f7a7] will not be managed by Spring
==>  Preparing: SELECT user_id,username,password,potential,is_admin,icon,version,create_time,update_time FROM user WHERE (user_id = ?)
==> Parameters: 5e033e52-9f77-4991-acf3-4bbaeee999f3(String)
<==    Columns: user_id, username, password, potential, is_admin, icon, version, create_time, update_time
<==        Row: 5e033e52-9f77-4991-acf3-4bbaeee999f3, zzk, 123456, 2.70574, 0, http://localhost:8090/20220616132443.png, 1, 2022-06-16 13:24:06, 2022-06-16 13:32:21
<==      Total: 1
Closing non transactional SqlSession [org.apache.ibatis.session.defaults.DefaultSqlSession@12e8114c]
Creating a new SqlSession
SqlSession [org.apache.ibatis.session.defaults.DefaultSqlSession@2426e592] was not registered for synchronization because synchronization is not active
JDBC Connection [HikariProxyConnection@1981211179 wrapping com.mysql.cj.jdbc.ConnectionImpl@19b5f7a7] will not be managed by Spring
==>  Preparing: SELECT user_id,username,password,potential,is_admin,icon,version,create_time,update_time FROM user WHERE (user_id = ?)
==> Parameters: 52dfcbef-4f71-4c13-b474-6a5af9681342(String)
<==    Columns: user_id, username, password, potential, is_admin, icon, version, create_time, update_time
<==        Row: 52dfcbef-4f71-4c13-b474-6a5af9681342, nwh, 123456, 0.0, 0, http://localhost:8090/20220616132309.png, 1, 2022-06-16 13:22:06, 2022-06-16 13:38:03
<==      Total: 1
Closing non transactional SqlSession [org.apache.ibatis.session.defaults.DefaultSqlSession@2426e592]
Creating a new SqlSession
SqlSession [org.apache.ibatis.session.defaults.DefaultSqlSession@7cc58f38] was not registered for synchronization because synchronization is not active
JDBC Connection [HikariProxyConnection@1868365639 wrapping com.mysql.cj.jdbc.ConnectionImpl@19b5f7a7] will not be managed by Spring
==>  Preparing: SELECT user_id,username,password,potential,is_admin,icon,version,create_time,update_time FROM user WHERE (user_id = ?)
==> Parameters: b28586b7-8bc6-4824-a645-c70f040e2fca(String)
<==    Columns: user_id, username, password, potential, is_admin, icon, version, create_time, update_time
<==        Row: b28586b7-8bc6-4824-a645-c70f040e2fca, gzf, 123456, 0.988618, 0, http://localhost:8090/20220616132700.png, 1, 2022-06-16 13:33:10, 2022-06-16 13:38:40
<==      Total: 1
Closing non transactional SqlSession [org.apache.ibatis.session.defaults.DefaultSqlSession@7cc58f38]
Creating a new SqlSession
SqlSession [org.apache.ibatis.session.defaults.DefaultSqlSession@7d5bceb8] was not registered for synchronization because synchronization is not active
JDBC Connection [HikariProxyConnection@766976612 wrapping com.mysql.cj.jdbc.ConnectionImpl@19b5f7a7] will not be managed by Spring
==>  Preparing: SELECT user_id,username,password,potential,is_admin,icon,version,create_time,update_time FROM user WHERE user_id=?
==> Parameters: f732ce64-95c5-44f0-aeb0-823c79fd99b7(String)
<==    Columns: user_id, username, password, potential, is_admin, icon, version, create_time, update_time
<==        Row: f732ce64-95c5-44f0-aeb0-823c79fd99b7, charlot, $2a$10$6e514wXvtFB0IXLJYe70Au.6Uuw/Zs71xwZKMb8KTVknvLQajAQfy, 3.41748, 1, http://localhost:8090/WechatIMG591.jpeg, 1, 2022-06-15 20:40:39, 2026-02-03 20:17:00
<==      Total: 1
Closing non transactional SqlSession [org.apache.ibatis.session.defaults.DefaultSqlSession@7d5bceb8]
Creating a new SqlSession
SqlSession [org.apache.ibatis.session.defaults.DefaultSqlSession@5986167b] was not registered for synchronization because synchronization is not active
JDBC Connection [HikariProxyConnection@2055941629 wrapping com.mysql.cj.jdbc.ConnectionImpl@19b5f7a7] will not be managed by Spring
==>  Preparing: SELECT id,song_id,user_id,score,pure,far,lost,combo,potential,time,version,create_time,update_time FROM best_record WHERE (song_id = ? AND user_id = ?)
==> Parameters: 8(Integer), f732ce64-95c5-44f0-aeb0-823c79fd99b7(String)
<==    Columns: id, song_id, user_id, score, pure, far, lost, combo, potential, time, version, create_time, update_time
<==        Row: 5, 8, f732ce64-95c5-44f0-aeb0-823c79fd99b7, 8429752, 182, 44, 16, 75, 7.43251, 2022-06-16 10:33:27, 1, 2022-06-16 10:33:27, 2022-06-16 10:33:27
<==      Total: 1
Closing non transactional SqlSession [org.apache.ibatis.session.defaults.DefaultSqlSession@5986167b]
Creating a new SqlSession
SqlSession [org.apache.ibatis.session.defaults.DefaultSqlSession@1ffe499] was not registered for synchronization because synchronization is not active
JDBC Connection [HikariProxyConnection@1747128083 wrapping com.mysql.cj.jdbc.ConnectionImpl@19b5f7a7] will not be managed by Spring
==>  Preparing: SELECT id,song_id,user_id,score,pure,far,lost,combo,potential,time,version,create_time,update_time FROM best_record WHERE (song_id = ?)
==> Parameters: 8(Integer)
<==    Columns: id, song_id, user_id, score, pure, far, lost, combo, potential, time, version, create_time, update_time
<==        Row: 5, 8, f732ce64-95c5-44f0-aeb0-823c79fd99b7, 8429752, 182, 44, 16, 75, 7.43251, 2022-06-16 10:33:27, 1, 2022-06-16 10:33:27, 2022-06-16 10:33:27
<==        Row: 10, 8, 5e033e52-9f77-4991-acf3-4bbaeee999f3, 8450413, 186, 37, 19, 88, 7.50138, 2022-06-16 13:32:21, 1, 2022-06-16 13:32:21, 2022-06-16 13:32:21
<==        Row: 13, 8, 52dfcbef-4f71-4c13-b474-6a5af9681342, 702479, 14, 6, 175, 15, 0.0, 2022-06-16 13:36:36, 1, 2022-06-16 13:36:36, 2022-06-16 13:36:36
<==        Row: 14, 8, b28586b7-8bc6-4824-a645-c70f040e2fca, 1053719, 23, 5, 212, 4, 0.0, 2022-06-16 13:37:37, 1, 2022-06-16 13:37:37, 2022-06-16 13:37:37
<==      Total: 4
Closing non transactional SqlSession [org.apache.ibatis.session.defaults.DefaultSqlSession@1ffe499]
Creating a new SqlSession
SqlSession [org.apache.ibatis.session.defaults.DefaultSqlSession@79cb634d] was not registered for synchronization because synchronization is not active
JDBC Connection [HikariProxyConnection@124685249 wrapping com.mysql.cj.jdbc.ConnectionImpl@19b5f7a7] will not be managed by Spring
==>  Preparing: SELECT id,song_id,user_id,score,pure,far,lost,combo,potential,time,version,create_time,update_time FROM best_record WHERE (song_id = ?)
==> Parameters: 8(Integer)
<==    Columns: id, song_id, user_id, score, pure, far, lost, combo, potential, time, version, create_time, update_time
<==        Row: 5, 8, f732ce64-95c5-44f0-aeb0-823c79fd99b7, 8429752, 182, 44, 16, 75, 7.43251, 2022-06-16 10:33:27, 1, 2022-06-16 10:33:27, 2022-06-16 10:33:27
<==        Row: 10, 8, 5e033e52-9f77-4991-acf3-4bbaeee999f3, 8450413, 186, 37, 19, 88, 7.50138, 2022-06-16 13:32:21, 1, 2022-06-16 13:32:21, 2022-06-16 13:32:21
<==        Row: 13, 8, 52dfcbef-4f71-4c13-b474-6a5af9681342, 702479, 14, 6, 175, 15, 0.0, 2022-06-16 13:36:36, 1, 2022-06-16 13:36:36, 2022-06-16 13:36:36
<==        Row: 14, 8, b28586b7-8bc6-4824-a645-c70f040e2fca, 1053719, 23, 5, 212, 4, 0.0, 2022-06-16 13:37:37, 1, 2022-06-16 13:37:37, 2022-06-16 13:37:37
<==      Total: 4
Closing non transactional SqlSession [org.apache.ibatis.session.defaults.DefaultSqlSession@79cb634d]
Creating a new SqlSession
SqlSession [org.apache.ibatis.session.defaults.DefaultSqlSession@1dd26f34] was not registered for synchronization because synchronization is not active
JDBC Connection [HikariProxyConnection@1067562696 wrapping com.mysql.cj.jdbc.ConnectionImpl@19b5f7a7] will not be managed by Spring
==>  Preparing: SELECT user_id,username,password,potential,is_admin,icon,version,create_time,update_time FROM user WHERE (user_id = ?)
==> Parameters: 5e033e52-9f77-4991-acf3-4bbaeee999f3(String)
<==    Columns: user_id, username, password, potential, is_admin, icon, version, create_time, update_time
<==        Row: 5e033e52-9f77-4991-acf3-4bbaeee999f3, zzk, 123456, 2.70574, 0, http://localhost:8090/20220616132443.png, 1, 2022-06-16 13:24:06, 2022-06-16 13:32:21
<==      Total: 1
Closing non transactional SqlSession [org.apache.ibatis.session.defaults.DefaultSqlSession@1dd26f34]
Creating a new SqlSession
SqlSession [org.apache.ibatis.session.defaults.DefaultSqlSession@1147f44d] was not registered for synchronization because synchronization is not active
JDBC Connection [HikariProxyConnection@526549662 wrapping com.mysql.cj.jdbc.ConnectionImpl@19b5f7a7] will not be managed by Spring
==>  Preparing: SELECT user_id,username,password,potential,is_admin,icon,version,create_time,update_time FROM user WHERE (user_id = ?)
==> Parameters: f732ce64-95c5-44f0-aeb0-823c79fd99b7(String)
<==    Columns: user_id, username, password, potential, is_admin, icon, version, create_time, update_time
<==        Row: f732ce64-95c5-44f0-aeb0-823c79fd99b7, charlot, $2a$10$6e514wXvtFB0IXLJYe70Au.6Uuw/Zs71xwZKMb8KTVknvLQajAQfy, 3.41748, 1, http://localhost:8090/WechatIMG591.jpeg, 1, 2022-06-15 20:40:39, 2026-02-03 20:17:00
<==      Total: 1
Closing non transactional SqlSession [org.apache.ibatis.session.defaults.DefaultSqlSession@1147f44d]
Creating a new SqlSession
SqlSession [org.apache.ibatis.session.defaults.DefaultSqlSession@716a6668] was not registered for synchronization because synchronization is not active
JDBC Connection [HikariProxyConnection@1595998612 wrapping com.mysql.cj.jdbc.ConnectionImpl@19b5f7a7] will not be managed by Spring
==>  Preparing: SELECT user_id,username,password,potential,is_admin,icon,version,create_time,update_time FROM user WHERE (user_id = ?)
==> Parameters: b28586b7-8bc6-4824-a645-c70f040e2fca(String)
<==    Columns: user_id, username, password, potential, is_admin, icon, version, create_time, update_time
<==        Row: b28586b7-8bc6-4824-a645-c70f040e2fca, gzf, 123456, 0.988618, 0, http://localhost:8090/20220616132700.png, 1, 2022-06-16 13:33:10, 2022-06-16 13:38:40
<==      Total: 1
Closing non transactional SqlSession [org.apache.ibatis.session.defaults.DefaultSqlSession@716a6668]
Creating a new SqlSession
SqlSession [org.apache.ibatis.session.defaults.DefaultSqlSession@420fc15b] was not registered for synchronization because synchronization is not active
JDBC Connection [HikariProxyConnection@1626646100 wrapping com.mysql.cj.jdbc.ConnectionImpl@19b5f7a7] will not be managed by Spring
==>  Preparing: SELECT user_id,username,password,potential,is_admin,icon,version,create_time,update_time FROM user WHERE (user_id = ?)
==> Parameters: 52dfcbef-4f71-4c13-b474-6a5af9681342(String)
<==    Columns: user_id, username, password, potential, is_admin, icon, version, create_time, update_time
<==        Row: 52dfcbef-4f71-4c13-b474-6a5af9681342, nwh, 123456, 0.0, 0, http://localhost:8090/20220616132309.png, 1, 2022-06-16 13:22:06, 2022-06-16 13:38:03
<==      Total: 1
Closing non transactional SqlSession [org.apache.ibatis.session.defaults.DefaultSqlSession@420fc15b]
2026-02-03 20:17:11.550 DEBUG 4236 --- [nio-8090-exec-8] m.m.a.RequestResponseBodyMethodProcessor : Using 'application/json', given [application/json, text/plain, */*] and supported [application/json, application/*+json, application/json, application/*+json]
2026-02-03 20:17:11.551 DEBUG 4236 --- [nio-8090-exec-8] m.m.a.RequestResponseBodyMethodProcessor : Writing [{"code":0, "msg":"Success", "data":false}]
2026-02-03 20:17:11.552 DEBUG 4236 --- [nio-8090-exec-8] o.s.web.servlet.DispatcherServlet        : Completed 200 OK
2026-02-03 20:17:11.643 DEBUG 4236 --- [nio-8090-exec-1] o.s.web.servlet.DispatcherServlet        : GET "/world-execute-me-cover.jpg", parameters={}
2026-02-03 20:17:11.643 DEBUG 4236 --- [nio-8090-exec-9] o.s.web.servlet.DispatcherServlet        : GET "/world-execute-me-0.PNG", parameters={}
2026-02-03 20:17:11.644 DEBUG 4236 --- [nio-8090-exec-9] o.s.w.s.handler.SimpleUrlHandlerMapping  : Mapped to ResourceHttpRequestHandler [classpath [META-INF/resources/], classpath [resources/], classpath [static/], classpath [public/], URL [file:./data/], ServletContext [/]]
2026-02-03 20:17:11.643 DEBUG 4236 --- [nio-8090-exec-4] o.s.web.servlet.DispatcherServlet        : GET "/aegle-0.JPG", parameters={}
2026-02-03 20:17:11.644 DEBUG 4236 --- [nio-8090-exec-1] o.s.w.s.handler.SimpleUrlHandlerMapping  : Mapped to ResourceHttpRequestHandler [classpath [META-INF/resources/], classpath [resources/], classpath [static/], classpath [public/], URL [file:./data/], ServletContext [/]]
2026-02-03 20:17:11.643 DEBUG 4236 --- [nio-8090-exec-2] o.s.web.servlet.DispatcherServlet        : GET "/aegle-cover.jpg", parameters={}
2026-02-03 20:17:11.644 DEBUG 4236 --- [nio-8090-exec-4] o.s.w.s.handler.SimpleUrlHandlerMapping  : Mapped to ResourceHttpRequestHandler [classpath [META-INF/resources/], classpath [resources/], classpath [static/], classpath [public/], URL [file:./data/], ServletContext [/]]
2026-02-03 20:17:11.645 DEBUG 4236 --- [nio-8090-exec-2] o.s.w.s.handler.SimpleUrlHandlerMapping  : Mapped to ResourceHttpRequestHandler [classpath [META-INF/resources/], classpath [resources/], classpath [static/], classpath [public/], URL [file:./data/], ServletContext [/]]
2026-02-03 20:17:11.648 DEBUG 4236 --- [io-8090-exec-10] o.s.web.servlet.DispatcherServlet        : GET "/koinouta-0.jpg", parameters={}
2026-02-03 20:17:11.648 DEBUG 4236 --- [io-8090-exec-10] o.s.w.s.handler.SimpleUrlHandlerMapping  : Mapped to ResourceHttpRequestHandler [classpath [META-INF/resources/], classpath [resources/], classpath [static/], classpath [public/], URL [file:./data/], ServletContext [/]]
2026-02-03 20:17:11.649 DEBUG 4236 --- [nio-8090-exec-2] o.s.web.servlet.DispatcherServlet        : Completed 200 OK
2026-02-03 20:17:11.650 DEBUG 4236 --- [nio-8090-exec-4] o.s.web.servlet.DispatcherServlet        : Completed 200 OK
2026-02-03 20:17:11.651 DEBUG 4236 --- [nio-8090-exec-1] o.s.web.servlet.DispatcherServlet        : Completed 200 OK
2026-02-03 20:17:11.653 DEBUG 4236 --- [io-8090-exec-10] o.s.web.servlet.DispatcherServlet        : Completed 200 OK
2026-02-03 20:17:11.654 DEBUG 4236 --- [nio-8090-exec-9] o.s.web.servlet.DispatcherServlet        : Completed 200 OK
2026-02-03 20:17:11.720 DEBUG 4236 --- [nio-8090-exec-3] o.s.web.servlet.DispatcherServlet        : GET "/koinouta-cover.jpg", parameters={}
2026-02-03 20:17:11.721 DEBUG 4236 --- [nio-8090-exec-3] o.s.w.s.handler.SimpleUrlHandlerMapping  : Mapped to ResourceHttpRequestHandler [classpath [META-INF/resources/], classpath [resources/], classpath [static/], classpath [public/], URL [file:./data/], ServletContext [/]]
2026-02-03 20:17:11.723 DEBUG 4236 --- [nio-8090-exec-3] o.s.web.servlet.DispatcherServlet        : Completed 200 OK
2026-02-03 20:17:14.312 DEBUG 4236 --- [nio-8090-exec-6] o.s.web.servlet.DispatcherServlet        : GET "/world-execute-me-cover.jpg", parameters={}
2026-02-03 20:17:14.312 DEBUG 4236 --- [nio-8090-exec-6] o.s.w.s.handler.SimpleUrlHandlerMapping  : Mapped to ResourceHttpRequestHandler [classpath [META-INF/resources/], classpath [resources/], classpath [static/], classpath [public/], URL [file:./data/], ServletContext [/]]
2026-02-03 20:17:14.314 DEBUG 4236 --- [nio-8090-exec-6] o.s.web.servlet.DispatcherServlet        : Completed 200 OK
2026-02-03 20:17:19.204 DEBUG 4236 --- [nio-8090-exec-5] o.s.web.servlet.DispatcherServlet        : GET "/world-execute-me-0.PNG", parameters={}
2026-02-03 20:17:19.204 DEBUG 4236 --- [nio-8090-exec-5] o.s.w.s.handler.SimpleUrlHandlerMapping  : Mapped to ResourceHttpRequestHandler [classpath [META-INF/resources/], classpath [resources/], classpath [static/], classpath [public/], URL [file:./data/], ServletContext [/]]
2026-02-03 20:17:19.208 DEBUG 4236 --- [nio-8090-exec-5] o.s.web.servlet.DispatcherServlet        : Completed 200 OK
2026-02-03 20:17:19.502 DEBUG 4236 --- [nio-8090-exec-7] o.s.web.servlet.DispatcherServlet        : GET "/aegle-0.JPG", parameters={}
2026-02-03 20:17:19.502 DEBUG 4236 --- [nio-8090-exec-7] o.s.w.s.handler.SimpleUrlHandlerMapping  : Mapped to ResourceHttpRequestHandler [classpath [META-INF/resources/], classpath [resources/], classpath [static/], classpath [public/], URL [file:./data/], ServletContext [/]]
2026-02-03 20:17:19.504 DEBUG 4236 --- [nio-8090-exec-7] o.s.web.servlet.DispatcherServlet        : Completed 200 OK
2026-02-03 20:17:21.931 DEBUG 4236 --- [nio-8090-exec-8] o.s.web.servlet.DispatcherServlet        : GET "/koinouta-0.jpg", parameters={}
2026-02-03 20:17:21.931 DEBUG 4236 --- [nio-8090-exec-8] o.s.w.s.handler.SimpleUrlHandlerMapping  : Mapped to ResourceHttpRequestHandler [classpath [META-INF/resources/], classpath [resources/], classpath [static/], classpath [public/], URL [file:./data/], ServletContext [/]]
2026-02-03 20:17:21.933 DEBUG 4236 --- [nio-8090-exec-8] o.s.web.servlet.DispatcherServlet        : Completed 200 OK
2026-02-03 20:17:22.093 DEBUG 4236 --- [nio-8090-exec-2] o.s.web.servlet.DispatcherServlet        : GET "/user/getChart?songId=4", parameters={masked}
2026-02-03 20:17:22.093 DEBUG 4236 --- [nio-8090-exec-2] s.w.s.m.m.a.RequestMappingHandlerMapping : Mapped to team.javaee.controller.UserController#getChart(String)
Creating a new SqlSession
SqlSession [org.apache.ibatis.session.defaults.DefaultSqlSession@10e113bf] was not registered for synchronization because synchronization is not active
JDBC Connection [HikariProxyConnection@505872339 wrapping com.mysql.cj.jdbc.ConnectionImpl@19b5f7a7] will not be managed by Spring
==>  Preparing: SELECT id,song_name,song_writer,chart_constant,status,play_time,uploader_id,song_cover,default_background,notes_count,loading_text,loaded_text,upload_date,song_length,song_url,bpm,first_beat_delay,version,create_time,update_time FROM song WHERE (id = ?)
==> Parameters: 4(Integer)
<==    Columns: id, song_name, song_writer, chart_constant, status, play_time, uploader_id, song_cover, default_background, notes_count, loading_text, loaded_text, upload_date, song_length, song_url, bpm, first_beat_delay, version, create_time, update_time
<==        Row: 4, 熱愛発覚中, 椎名林檎, 9.0, 2, 35, f732ce64-95c5-44f0-aeb0-823c79fd99b7, http://localhost:8090/netsuai-cover.jpg, http://localhost:8090/netsuai-0.jpg, 164, 热爱发掘中, 发掘完了, 2022-06-15 20:40:46, null, http://localhost:8090/1.wav, 350.0, 3530, 1, 2022-06-15 20:40:46, 2026-02-03 20:17:00
<==      Total: 1
Closing non transactional SqlSession [org.apache.ibatis.session.defaults.DefaultSqlSession@10e113bf]
Creating a new SqlSession
SqlSession [org.apache.ibatis.session.defaults.DefaultSqlSession@5f1bf5e8] was not registered for synchronization because synchronization is not active
JDBC Connection [HikariProxyConnection@1207920991 wrapping com.mysql.cj.jdbc.ConnectionImpl@19b5f7a7] will not be managed by Spring
==>  Preparing: SELECT user_id,username,password,potential,is_admin,icon,version,create_time,update_time FROM user WHERE (user_id = ?)
==> Parameters: f732ce64-95c5-44f0-aeb0-823c79fd99b7(String)
<==    Columns: user_id, username, password, potential, is_admin, icon, version, create_time, update_time
<==        Row: f732ce64-95c5-44f0-aeb0-823c79fd99b7, charlot, $2a$10$6e514wXvtFB0IXLJYe70Au.6Uuw/Zs71xwZKMb8KTVknvLQajAQfy, 3.41748, 1, http://localhost:8090/WechatIMG591.jpeg, 1, 2022-06-15 20:40:39, 2026-02-03 20:17:00
<==      Total: 1
Closing non transactional SqlSession [org.apache.ibatis.session.defaults.DefaultSqlSession@5f1bf5e8]
Creating a new SqlSession
SqlSession [org.apache.ibatis.session.defaults.DefaultSqlSession@3f000c1a] was not registered for synchronization because synchronization is not active
JDBC Connection [HikariProxyConnection@1060375207 wrapping com.mysql.cj.jdbc.ConnectionImpl@19b5f7a7] will not be managed by Spring
==>  Preparing: SELECT id,song_id,name,type,url,create_time,update_time FROM song_asset WHERE (song_id = ?)
==> Parameters: 4(String)
<==    Columns: id, song_id, name, type, url, create_time, update_time
<==        Row: 1, 4, Cover, image, http://localhost:8090/netsuai-cover.jpg, 2026-02-03 11:53:37, 2026-02-03 11:53:37
<==        Row: 16, 4, Default Background, image, http://localhost:8090/netsuai-0.jpg, 2026-02-03 11:53:37, 2026-02-03 11:53:37
<==        Row: 23, 4, Operation BG, image, http://localhost:8090/netsuai-black.jpg, 2026-02-03 11:53:37, 2026-02-03 11:53:37
<==        Row: 24, 4, Operation BG, image, http://localhost:8090/netsuai-1.jpg, 2026-02-03 11:53:37, 2026-02-03 11:53:37
<==        Row: 25, 4, Operation BG, image, http://localhost:8090/netsuai-2.jpg, 2026-02-03 11:53:37, 2026-02-03 11:53:37
<==        Row: 26, 4, Operation BG, image, http://localhost:8090/netsuai-3.jpg, 2026-02-03 11:53:37, 2026-02-03 11:53:37
<==        Row: 27, 4, Operation BG, image, http://localhost:8090/netsuai-4.jpg, 2026-02-03 11:53:37, 2026-02-03 11:53:37
<==        Row: 28, 4, Operation BG, image, http://localhost:8090/netsuai-5.jpg, 2026-02-03 11:53:37, 2026-02-03 11:53:37
<==        Row: 29, 4, Operation BG, image, http://localhost:8090/netsuai-6.jpg, 2026-02-03 11:53:37, 2026-02-03 11:53:37
<==        Row: 30, 4, Operation BG, image, http://localhost:8090/netsuai-7.jpg, 2026-02-03 11:53:37, 2026-02-03 11:53:37
<==        Row: 31, 4, Operation BG, image, http://localhost:8090/netsuai-8.jpg, 2026-02-03 11:53:37, 2026-02-03 11:53:37
<==        Row: 32, 4, Operation BG, image, http://localhost:8090/netsuai-9.jpg, 2026-02-03 11:53:37, 2026-02-03 11:53:37
<==        Row: 33, 4, Operation BG, image, http://localhost:8090/netsuai-10.jpg, 2026-02-03 11:53:37, 2026-02-03 11:53:37
<==      Total: 13
Closing non transactional SqlSession [org.apache.ibatis.session.defaults.DefaultSqlSession@3f000c1a]
2026-02-03 20:17:22.101 DEBUG 4236 --- [nio-8090-exec-2] m.m.a.RequestResponseBodyMethodProcessor : Using 'application/json', given [*/*] and supported [application/json, application/*+json, application/json, application/*+json]
2026-02-03 20:17:22.101 DEBUG 4236 --- [nio-8090-exec-2] m.m.a.RequestResponseBodyMethodProcessor : Writing [{"code":0, "msg":"Success", "data":false}]
2026-02-03 20:17:22.102 DEBUG 4236 --- [nio-8090-exec-2] o.s.web.servlet.DispatcherServlet        : Completed 200 OK
2026-02-03 20:17:22.108 DEBUG 4236 --- [nio-8090-exec-1] o.s.web.servlet.DispatcherServlet        : GET "/user/getChart?songId=6", parameters={masked}
2026-02-03 20:17:22.108 DEBUG 4236 --- [nio-8090-exec-1] s.w.s.m.m.a.RequestMappingHandlerMapping : Mapped to team.javaee.controller.UserController#getChart(String)
Creating a new SqlSession
SqlSession [org.apache.ibatis.session.defaults.DefaultSqlSession@484bcdef] was not registered for synchronization because synchronization is not active
JDBC Connection [HikariProxyConnection@1938933696 wrapping com.mysql.cj.jdbc.ConnectionImpl@19b5f7a7] will not be managed by Spring
==>  Preparing: SELECT id,song_name,song_writer,chart_constant,status,play_time,uploader_id,song_cover,default_background,notes_count,loading_text,loaded_text,upload_date,song_length,song_url,bpm,first_beat_delay,version,create_time,update_time FROM song WHERE (id = ?)
==> Parameters: 6(Integer)
<==    Columns: id, song_name, song_writer, chart_constant, status, play_time, uploader_id, song_cover, default_background, notes_count, loading_text, loaded_text, upload_date, song_length, song_url, bpm, first_beat_delay, version, create_time, update_time
<==        Row: 6, world.execute(me);, Mili, 9.0, 2, 8, f732ce64-95c5-44f0-aeb0-823c79fd99b7, http://localhost:8090/world-execute-me-cover.jpg, http://localhost:8090/world-execute-me-0.PNG, 244, 世界处刑中……, 处刑完毕, 2022-06-16 09:28:46, null, http://localhost:8090/2.wav, null, null, 1, 2022-06-16 09:28:46, 2022-07-30 18:50:38
<==      Total: 1
Closing non transactional SqlSession [org.apache.ibatis.session.defaults.DefaultSqlSession@484bcdef]
Creating a new SqlSession
SqlSession [org.apache.ibatis.session.defaults.DefaultSqlSession@408fa933] was not registered for synchronization because synchronization is not active
JDBC Connection [HikariProxyConnection@1446850680 wrapping com.mysql.cj.jdbc.ConnectionImpl@19b5f7a7] will not be managed by Spring
==>  Preparing: SELECT user_id,username,password,potential,is_admin,icon,version,create_time,update_time FROM user WHERE (user_id = ?)
==> Parameters: f732ce64-95c5-44f0-aeb0-823c79fd99b7(String)
<==    Columns: user_id, username, password, potential, is_admin, icon, version, create_time, update_time
<==        Row: f732ce64-95c5-44f0-aeb0-823c79fd99b7, charlot, $2a$10$6e514wXvtFB0IXLJYe70Au.6Uuw/Zs71xwZKMb8KTVknvLQajAQfy, 3.41748, 1, http://localhost:8090/WechatIMG591.jpeg, 1, 2022-06-15 20:40:39, 2026-02-03 20:17:00
<==      Total: 1
Closing non transactional SqlSession [org.apache.ibatis.session.defaults.DefaultSqlSession@408fa933]
Creating a new SqlSession
SqlSession [org.apache.ibatis.session.defaults.DefaultSqlSession@4f5df3c6] was not registered for synchronization because synchronization is not active
JDBC Connection [HikariProxyConnection@1923489071 wrapping com.mysql.cj.jdbc.ConnectionImpl@19b5f7a7] will not be managed by Spring
==>  Preparing: SELECT id,song_id,name,type,url,create_time,update_time FROM song_asset WHERE (song_id = ?)
==> Parameters: 6(String)
<==    Columns: id, song_id, name, type, url, create_time, update_time
<==        Row: 2, 6, Cover, image, http://localhost:8090/world-execute-me-cover.jpg, 2026-02-03 11:53:37, 2026-02-03 11:53:37
<==        Row: 17, 6, Default Background, image, http://localhost:8090/world-execute-me-0.PNG, 2026-02-03 11:53:37, 2026-02-03 11:53:37
<==        Row: 34, 6, Operation BG, image, http://localhost:8090/world-execute-me-1.PNG, 2026-02-03 11:53:37, 2026-02-03 11:53:37
<==        Row: 35, 6, Operation BG, image, http://localhost:8090/world-execute-me-2.PNG, 2026-02-03 11:53:37, 2026-02-03 11:53:37
<==        Row: 36, 6, Operation BG, image, http://localhost:8090/world-execute-me-3.PNG, 2026-02-03 11:53:37, 2026-02-03 11:53:37
<==        Row: 37, 6, Operation BG, image, http://localhost:8090/world-execute-me-4.PNG, 2026-02-03 11:53:37, 2026-02-03 11:53:37
<==        Row: 38, 6, Operation BG, image, http://localhost:8090/world-execute-me-5.PNG, 2026-02-03 11:53:37, 2026-02-03 11:53:37
<==        Row: 39, 6, Operation BG, image, http://localhost:8090/world-execute-me-6.PNG, 2026-02-03 11:53:37, 2026-02-03 11:53:37
<==        Row: 40, 6, Operation BG, image, http://localhost:8090/world-execute-me-7.PNG, 2026-02-03 11:53:37, 2026-02-03 11:53:37
<==        Row: 41, 6, Operation BG, image, http://localhost:8090/world-execute-me-8.PNG, 2026-02-03 11:53:37, 2026-02-03 11:53:37
<==        Row: 42, 6, Operation BG, image, http://localhost:8090/world-execute-me-9.PNG, 2026-02-03 11:53:37, 2026-02-03 11:53:37
<==        Row: 43, 6, Operation BG, image, http://localhost:8090/world-execute-me-10.PNG, 2026-02-03 11:53:37, 2026-02-03 11:53:37
<==        Row: 44, 6, Operation BG, image, http://localhost:8090/world-execute-me-11.PNG, 2026-02-03 11:53:37, 2026-02-03 11:53:37
<==        Row: 45, 6, Operation BG, image, http://localhost:8090/world-execute-me-12.PNG, 2026-02-03 11:53:37, 2026-02-03 11:53:37
<==        Row: 46, 6, Operation BG, image, http://localhost:8090/world-execute-me-13.PNG, 2026-02-03 11:53:37, 2026-02-03 11:53:37
<==        Row: 47, 6, Operation BG, image, http://localhost:8090/world-execute-me-14.PNG, 2026-02-03 11:53:37, 2026-02-03 11:53:37
<==        Row: 48, 6, Operation BG, image, http://localhost:8090/world-execute-me-15.PNG, 2026-02-03 11:53:37, 2026-02-03 11:53:37
<==        Row: 49, 6, Operation BG, image, http://localhost:8090/world-execute-me-16.PNG, 2026-02-03 11:53:37, 2026-02-03 11:53:37
<==        Row: 50, 6, Operation BG, image, http://localhost:8090/world-execute-me-17.PNG, 2026-02-03 11:53:37, 2026-02-03 11:53:37
<==        Row: 51, 6, Operation BG, image, http://localhost:8090/world-execute-me-18.PNG, 2026-02-03 11:53:37, 2026-02-03 11:53:37
<==        Row: 52, 6, Operation BG, image, http://localhost:8090/world-execute-me-19.PNG, 2026-02-03 11:53:37, 2026-02-03 11:53:37
<==        Row: 53, 6, Operation BG, image, http://localhost:8090/world-execute-me-20.PNG, 2026-02-03 11:53:37, 2026-02-03 11:53:37
<==        Row: 54, 6, Operation BG, image, http://localhost:8090/world-execute-me-21.PNG, 2026-02-03 11:53:37, 2026-02-03 11:53:37
<==        Row: 55, 6, Operation BG, image, http://localhost:8090/world-execute-me-22.PNG, 2026-02-03 11:53:37, 2026-02-03 11:53:37
<==        Row: 56, 6, Operation BG, image, http://localhost:8090/world-execute-me-23.PNG, 2026-02-03 11:53:37, 2026-02-03 11:53:37
<==        Row: 57, 6, Operation BG, image, http://localhost:8090/world-execute-me-24.PNG, 2026-02-03 11:53:37, 2026-02-03 11:53:37
<==        Row: 58, 6, Operation BG, image, http://localhost:8090/world-execute-me-25.PNG, 2026-02-03 11:53:37, 2026-02-03 11:53:37
<==        Row: 59, 6, Operation BG, image, http://localhost:8090/world-execute-me-26.PNG, 2026-02-03 11:53:37, 2026-02-03 11:53:37
<==        Row: 60, 6, Operation BG, image, http://localhost:8090/world-execute-me-27.PNG, 2026-02-03 11:53:37, 2026-02-03 11:53:37
<==        Row: 61, 6, Operation BG, image, http://localhost:8090/world-execute-me-28.PNG, 2026-02-03 11:53:37, 2026-02-03 11:53:37
<==        Row: 62, 6, Operation BG, image, http://localhost:8090/world-execute-me-29.PNG, 2026-02-03 11:53:37, 2026-02-03 11:53:37
<==        Row: 63, 6, Operation BG, image, http://localhost:8090/world-execute-me-30.PNG, 2026-02-03 11:53:37, 2026-02-03 11:53:37
<==      Total: 32
Closing non transactional SqlSession [org.apache.ibatis.session.defaults.DefaultSqlSession@4f5df3c6]
2026-02-03 20:17:22.117 DEBUG 4236 --- [nio-8090-exec-1] m.m.a.RequestResponseBodyMethodProcessor : Using 'application/json', given [*/*] and supported [application/json, application/*+json, application/json, application/*+json]
2026-02-03 20:17:22.117 DEBUG 4236 --- [nio-8090-exec-1] m.m.a.RequestResponseBodyMethodProcessor : Writing [{"code":0, "msg":"Success", "data":false}]
2026-02-03 20:17:22.118 DEBUG 4236 --- [nio-8090-exec-1] o.s.web.servlet.DispatcherServlet        : Completed 200 OK
2026-02-03 20:17:22.122 DEBUG 4236 --- [nio-8090-exec-9] o.s.web.servlet.DispatcherServlet        : GET "/user/getAllCharts", parameters={}
2026-02-03 20:17:22.122 DEBUG 4236 --- [nio-8090-exec-9] s.w.s.m.m.a.RequestMappingHandlerMapping : Mapped to team.javaee.controller.UserController#getAllCharts()
Creating a new SqlSession
SqlSession [org.apache.ibatis.session.defaults.DefaultSqlSession@6d969f82] was not registered for synchronization because synchronization is not active
JDBC Connection [HikariProxyConnection@344491525 wrapping com.mysql.cj.jdbc.ConnectionImpl@19b5f7a7] will not be managed by Spring
==>  Preparing: SELECT id,song_name,song_writer,chart_constant,status,play_time,uploader_id,song_cover,default_background,notes_count,loading_text,loaded_text,upload_date,song_length,song_url,bpm,first_beat_delay,version,create_time,update_time FROM song WHERE (status = ?)
==> Parameters: 1(String)
<==    Columns: id, song_name, song_writer, chart_constant, status, play_time, uploader_id, song_cover, default_background, notes_count, loading_text, loaded_text, upload_date, song_length, song_url, bpm, first_beat_delay, version, create_time, update_time
<==        Row: 9, 羊胎素, 斯琴高娃&袁立, 8.0, 1, 0, f732ce64-95c5-44f0-aeb0-823c79fd99b7, http://localhost:8090/yts-cover.jpg, http://localhost:8090/yts-0.jpg, 95, 斯琴高娃老师打羊胎素中……, 打完了，哦这是可以说的吗？, 2022-06-16 11:19:30, null, http://localhost:8090/5.m4a, 1.0, 1, 1, 2022-06-16 11:19:30, 2022-06-16 14:40:55
<==        Row: 10, 宗教, 111, 0.0, 1, 0, 52dfcbef-4f71-4c13-b474-6a5af9681342, http://p1.music.126.net/JuG-UsZRUC3o0v4WKPTgoA==/109951164185701536.jpg, http://p1.music.126.net/JuG-UsZRUC3o0v4WKPTgoA==/109951164185701536.jpg, 0, , , 2022-06-16 13:42:57, null, , null, null, 1, 2022-06-16 13:42:57, 2022-06-16 13:43:58
<==        Row: 11, 杀死那个石家庄人, 万能青年旅店, 0.0, 1, 0, b28586b7-8bc6-4824-a645-c70f040e2fca, http://p2.music.126.net/W1kczDCB4-r-uNAznD1ljg==/108851651165850.jpg?param=130y130, http://p2.music.126.net/W1kczDCB4-r-uNAznD1ljg==/108851651165850.jpg?param=130y130, 0, , , 2022-06-16 13:46:19, null, , null, null, 1, 2022-06-16 13:46:19, 2022-06-16 13:52:33
<==        Row: 12, まつり, 藤井風, 0.0, 1, 0, b28586b7-8bc6-4824-a645-c70f040e2fca, http://p2.music.126.net/jR5BzhC9k2KwPpAEQT3sJg==/109951167183618536.jpg, http://p2.music.126.net/jR5BzhC9k2KwPpAEQT3sJg==/109951167183618536.jpg, 0, , , 2022-06-16 13:47:35, null, , null, null, 1, 2022-06-16 13:47:35, 2022-06-16 13:52:36
<==        Row: 13, 深海少女, のぶなが, 0.0, 1, 0, 5e033e52-9f77-4991-acf3-4bbaeee999f3, http://p2.music.126.net/tpqIHupzaqlFaHawnUYlOA==/18722483998223156.jpg?param=130y130, http://p2.music.126.net/tpqIHupzaqlFaHawnUYlOA==/18722483998223156.jpg?param=130y130, 0, , , 2022-06-16 13:51:59, null, , null, null, 1, 2022-06-16 13:51:59, 2022-06-16 13:52:16
<==      Total: 5
Closing non transactional SqlSession [org.apache.ibatis.session.defaults.DefaultSqlSession@6d969f82]
Creating a new SqlSession
SqlSession [org.apache.ibatis.session.defaults.DefaultSqlSession@45d71e0a] was not registered for synchronization because synchronization is not active
JDBC Connection [HikariProxyConnection@484762557 wrapping com.mysql.cj.jdbc.ConnectionImpl@19b5f7a7] will not be managed by Spring
==>  Preparing: SELECT id,song_name,song_writer,chart_constant,status,play_time,uploader_id,song_cover,default_background,notes_count,loading_text,loaded_text,upload_date,song_length,song_url,bpm,first_beat_delay,version,create_time,update_time FROM song WHERE (status = ?)
==> Parameters: 2(String)
<==    Columns: id, song_name, song_writer, chart_constant, status, play_time, uploader_id, song_cover, default_background, notes_count, loading_text, loaded_text, upload_date, song_length, song_url, bpm, first_beat_delay, version, create_time, update_time
<==        Row: 4, 熱愛発覚中, 椎名林檎, 9.0, 2, 35, f732ce64-95c5-44f0-aeb0-823c79fd99b7, http://localhost:8090/netsuai-cover.jpg, http://localhost:8090/netsuai-0.jpg, 164, 热爱发掘中, 发掘完了, 2022-06-15 20:40:46, null, http://localhost:8090/1.wav, 350.0, 3530, 1, 2022-06-15 20:40:46, 2026-02-03 20:17:00
<==        Row: 6, world.execute(me);, Mili, 9.0, 2, 8, f732ce64-95c5-44f0-aeb0-823c79fd99b7, http://localhost:8090/world-execute-me-cover.jpg, http://localhost:8090/world-execute-me-0.PNG, 244, 世界处刑中……, 处刑完毕, 2022-06-16 09:28:46, null, http://localhost:8090/2.wav, null, null, 1, 2022-06-16 09:28:46, 2022-07-30 18:50:38
<==        Row: 7, AegleSeeker, Silentroom vs Frums, 11.0, 2, 5, f732ce64-95c5-44f0-aeb0-823c79fd99b7, http://localhost:8090/aegle-cover.jpg, http://localhost:8090/aegle-0.JPG, 356, And in that light……, You will find deliverance., 2022-06-16 10:01:48, null, http://localhost:8090/4.wav, null, null, 1, 2022-06-16 10:01:48, 2022-06-16 23:07:20
<==        Row: 8, 迷える音色は恋の唄, はるの, 11.0, 2, 6, f732ce64-95c5-44f0-aeb0-823c79fd99b7, http://localhost:8090/koinouta-cover.jpg, http://localhost:8090/koinouta-0.jpg, 242, ほら、きっと、そう見えるかな……, 迷える音色は恋の唄, 2022-06-16 10:29:24, null, http://localhost:8090/3.wav, 1.0, 0, 1, 2022-06-16 10:29:24, 2022-06-16 23:05:35
<==      Total: 4
Closing non transactional SqlSession [org.apache.ibatis.session.defaults.DefaultSqlSession@45d71e0a]
2026-02-03 20:17:22.126 DEBUG 4236 --- [nio-8090-exec-9] m.m.a.RequestResponseBodyMethodProcessor : Using 'application/json', given [*/*] and supported [application/json, application/*+json, application/json, application/*+json]
2026-02-03 20:17:22.126 DEBUG 4236 --- [nio-8090-exec-9] m.m.a.RequestResponseBodyMethodProcessor : Writing [{"code":0, "msg":"Success", "data":false}]
2026-02-03 20:17:22.127 DEBUG 4236 --- [nio-8090-exec-9] o.s.web.servlet.DispatcherServlet        : Completed 200 OK
2026-02-03 20:17:22.131 DEBUG 4236 --- [nio-8090-exec-6] o.s.web.servlet.DispatcherServlet        : POST "/user/getPublicCharts", parameters={}
2026-02-03 20:17:22.132 DEBUG 4236 --- [nio-8090-exec-6] s.w.s.m.m.a.RequestMappingHandlerMapping : Mapped to team.javaee.controller.UserController#getPublicCharts(HttpServletRequest, PublicChartsDTO)
2026-02-03 20:17:22.132 DEBUG 4236 --- [nio-8090-exec-6] m.m.a.RequestResponseBodyMethodProcessor : Read "application/json;charset=UTF-8" to [PublicChartsDTO(status=1, searchType=null, searchContent=null, sortType=null, sortWay=null)]
Creating a new SqlSession
SqlSession [org.apache.ibatis.session.defaults.DefaultSqlSession@2bf4cf7e] was not registered for synchronization because synchronization is not active
JDBC Connection [HikariProxyConnection@516134434 wrapping com.mysql.cj.jdbc.ConnectionImpl@19b5f7a7] will not be managed by Spring
==>  Preparing: SELECT id,song_name,song_writer,chart_constant,status,play_time,uploader_id,song_cover,default_background,notes_count,loading_text,loaded_text,upload_date,song_length,song_url,bpm,first_beat_delay,version,create_time,update_time FROM song WHERE (status = ?)
==> Parameters: 1(String)
<==    Columns: id, song_name, song_writer, chart_constant, status, play_time, uploader_id, song_cover, default_background, notes_count, loading_text, loaded_text, upload_date, song_length, song_url, bpm, first_beat_delay, version, create_time, update_time
<==        Row: 9, 羊胎素, 斯琴高娃&袁立, 8.0, 1, 0, f732ce64-95c5-44f0-aeb0-823c79fd99b7, http://localhost:8090/yts-cover.jpg, http://localhost:8090/yts-0.jpg, 95, 斯琴高娃老师打羊胎素中……, 打完了，哦这是可以说的吗？, 2022-06-16 11:19:30, null, http://localhost:8090/5.m4a, 1.0, 1, 1, 2022-06-16 11:19:30, 2022-06-16 14:40:55
<==        Row: 10, 宗教, 111, 0.0, 1, 0, 52dfcbef-4f71-4c13-b474-6a5af9681342, http://p1.music.126.net/JuG-UsZRUC3o0v4WKPTgoA==/109951164185701536.jpg, http://p1.music.126.net/JuG-UsZRUC3o0v4WKPTgoA==/109951164185701536.jpg, 0, , , 2022-06-16 13:42:57, null, , null, null, 1, 2022-06-16 13:42:57, 2022-06-16 13:43:58
<==        Row: 11, 杀死那个石家庄人, 万能青年旅店, 0.0, 1, 0, b28586b7-8bc6-4824-a645-c70f040e2fca, http://p2.music.126.net/W1kczDCB4-r-uNAznD1ljg==/108851651165850.jpg?param=130y130, http://p2.music.126.net/W1kczDCB4-r-uNAznD1ljg==/108851651165850.jpg?param=130y130, 0, , , 2022-06-16 13:46:19, null, , null, null, 1, 2022-06-16 13:46:19, 2022-06-16 13:52:33
<==        Row: 12, まつり, 藤井風, 0.0, 1, 0, b28586b7-8bc6-4824-a645-c70f040e2fca, http://p2.music.126.net/jR5BzhC9k2KwPpAEQT3sJg==/109951167183618536.jpg, http://p2.music.126.net/jR5BzhC9k2KwPpAEQT3sJg==/109951167183618536.jpg, 0, , , 2022-06-16 13:47:35, null, , null, null, 1, 2022-06-16 13:47:35, 2022-06-16 13:52:36
<==        Row: 13, 深海少女, のぶなが, 0.0, 1, 0, 5e033e52-9f77-4991-acf3-4bbaeee999f3, http://p2.music.126.net/tpqIHupzaqlFaHawnUYlOA==/18722483998223156.jpg?param=130y130, http://p2.music.126.net/tpqIHupzaqlFaHawnUYlOA==/18722483998223156.jpg?param=130y130, 0, , , 2022-06-16 13:51:59, null, , null, null, 1, 2022-06-16 13:51:59, 2022-06-16 13:52:16
<==      Total: 5
Closing non transactional SqlSession [org.apache.ibatis.session.defaults.DefaultSqlSession@2bf4cf7e]
Creating a new SqlSession
SqlSession [org.apache.ibatis.session.defaults.DefaultSqlSession@6dd310cf] was not registered for synchronization because synchronization is not active
JDBC Connection [HikariProxyConnection@1624354100 wrapping com.mysql.cj.jdbc.ConnectionImpl@19b5f7a7] will not be managed by Spring
==>  Preparing: SELECT user_id,username,password,potential,is_admin,icon,version,create_time,update_time FROM user WHERE user_id=?
==> Parameters: f732ce64-95c5-44f0-aeb0-823c79fd99b7(String)
<==    Columns: user_id, username, password, potential, is_admin, icon, version, create_time, update_time
<==        Row: f732ce64-95c5-44f0-aeb0-823c79fd99b7, charlot, $2a$10$6e514wXvtFB0IXLJYe70Au.6Uuw/Zs71xwZKMb8KTVknvLQajAQfy, 3.41748, 1, http://localhost:8090/WechatIMG591.jpeg, 1, 2022-06-15 20:40:39, 2026-02-03 20:17:00
<==      Total: 1
Closing non transactional SqlSession [org.apache.ibatis.session.defaults.DefaultSqlSession@6dd310cf]
Creating a new SqlSession
SqlSession [org.apache.ibatis.session.defaults.DefaultSqlSession@291b3af1] was not registered for synchronization because synchronization is not active
JDBC Connection [HikariProxyConnection@1555763829 wrapping com.mysql.cj.jdbc.ConnectionImpl@19b5f7a7] will not be managed by Spring
==>  Preparing: SELECT id,song_id,user_id,score,pure,far,lost,combo,potential,time,version,create_time,update_time FROM best_record WHERE (song_id = ?)
==> Parameters: 9(Integer)
<==      Total: 0
Closing non transactional SqlSession [org.apache.ibatis.session.defaults.DefaultSqlSession@291b3af1]
Creating a new SqlSession
SqlSession [org.apache.ibatis.session.defaults.DefaultSqlSession@590b3269] was not registered for synchronization because synchronization is not active
JDBC Connection [HikariProxyConnection@699881227 wrapping com.mysql.cj.jdbc.ConnectionImpl@19b5f7a7] will not be managed by Spring
==>  Preparing: SELECT user_id,username,password,potential,is_admin,icon,version,create_time,update_time FROM user WHERE user_id=?
==> Parameters: 52dfcbef-4f71-4c13-b474-6a5af9681342(String)
<==    Columns: user_id, username, password, potential, is_admin, icon, version, create_time, update_time
<==        Row: 52dfcbef-4f71-4c13-b474-6a5af9681342, nwh, 123456, 0.0, 0, http://localhost:8090/20220616132309.png, 1, 2022-06-16 13:22:06, 2022-06-16 13:38:03
<==      Total: 1
Closing non transactional SqlSession [org.apache.ibatis.session.defaults.DefaultSqlSession@590b3269]
Creating a new SqlSession
SqlSession [org.apache.ibatis.session.defaults.DefaultSqlSession@6957a9fe] was not registered for synchronization because synchronization is not active
JDBC Connection [HikariProxyConnection@1766803143 wrapping com.mysql.cj.jdbc.ConnectionImpl@19b5f7a7] will not be managed by Spring
==>  Preparing: SELECT id,song_id,user_id,score,pure,far,lost,combo,potential,time,version,create_time,update_time FROM best_record WHERE (song_id = ?)
==> Parameters: 10(Integer)
<==      Total: 0
Closing non transactional SqlSession [org.apache.ibatis.session.defaults.DefaultSqlSession@6957a9fe]
Creating a new SqlSession
SqlSession [org.apache.ibatis.session.defaults.DefaultSqlSession@93c9812] was not registered for synchronization because synchronization is not active
JDBC Connection [HikariProxyConnection@1576065170 wrapping com.mysql.cj.jdbc.ConnectionImpl@19b5f7a7] will not be managed by Spring
==>  Preparing: SELECT user_id,username,password,potential,is_admin,icon,version,create_time,update_time FROM user WHERE user_id=?
==> Parameters: b28586b7-8bc6-4824-a645-c70f040e2fca(String)
<==    Columns: user_id, username, password, potential, is_admin, icon, version, create_time, update_time
<==        Row: b28586b7-8bc6-4824-a645-c70f040e2fca, gzf, 123456, 0.988618, 0, http://localhost:8090/20220616132700.png, 1, 2022-06-16 13:33:10, 2022-06-16 13:38:40
<==      Total: 1
Closing non transactional SqlSession [org.apache.ibatis.session.defaults.DefaultSqlSession@93c9812]
Creating a new SqlSession
SqlSession [org.apache.ibatis.session.defaults.DefaultSqlSession@2ef64ab7] was not registered for synchronization because synchronization is not active
JDBC Connection [HikariProxyConnection@1139260275 wrapping com.mysql.cj.jdbc.ConnectionImpl@19b5f7a7] will not be managed by Spring
==>  Preparing: SELECT id,song_id,user_id,score,pure,far,lost,combo,potential,time,version,create_time,update_time FROM best_record WHERE (song_id = ?)
==> Parameters: 11(Integer)
<==      Total: 0
Closing non transactional SqlSession [org.apache.ibatis.session.defaults.DefaultSqlSession@2ef64ab7]
Creating a new SqlSession
SqlSession [org.apache.ibatis.session.defaults.DefaultSqlSession@2e9e3d] was not registered for synchronization because synchronization is not active
JDBC Connection [HikariProxyConnection@470929277 wrapping com.mysql.cj.jdbc.ConnectionImpl@19b5f7a7] will not be managed by Spring
==>  Preparing: SELECT user_id,username,password,potential,is_admin,icon,version,create_time,update_time FROM user WHERE user_id=?
==> Parameters: b28586b7-8bc6-4824-a645-c70f040e2fca(String)
<==    Columns: user_id, username, password, potential, is_admin, icon, version, create_time, update_time
<==        Row: b28586b7-8bc6-4824-a645-c70f040e2fca, gzf, 123456, 0.988618, 0, http://localhost:8090/20220616132700.png, 1, 2022-06-16 13:33:10, 2022-06-16 13:38:40
<==      Total: 1
Closing non transactional SqlSession [org.apache.ibatis.session.defaults.DefaultSqlSession@2e9e3d]
Creating a new SqlSession
SqlSession [org.apache.ibatis.session.defaults.DefaultSqlSession@3c7bce57] was not registered for synchronization because synchronization is not active
JDBC Connection [HikariProxyConnection@1221619859 wrapping com.mysql.cj.jdbc.ConnectionImpl@19b5f7a7] will not be managed by Spring
==>  Preparing: SELECT id,song_id,user_id,score,pure,far,lost,combo,potential,time,version,create_time,update_time FROM best_record WHERE (song_id = ?)
==> Parameters: 12(Integer)
<==      Total: 0
Closing non transactional SqlSession [org.apache.ibatis.session.defaults.DefaultSqlSession@3c7bce57]
Creating a new SqlSession
SqlSession [org.apache.ibatis.session.defaults.DefaultSqlSession@269a4a92] was not registered for synchronization because synchronization is not active
JDBC Connection [HikariProxyConnection@1156657504 wrapping com.mysql.cj.jdbc.ConnectionImpl@19b5f7a7] will not be managed by Spring
==>  Preparing: SELECT user_id,username,password,potential,is_admin,icon,version,create_time,update_time FROM user WHERE user_id=?
==> Parameters: 5e033e52-9f77-4991-acf3-4bbaeee999f3(String)
<==    Columns: user_id, username, password, potential, is_admin, icon, version, create_time, update_time
<==        Row: 5e033e52-9f77-4991-acf3-4bbaeee999f3, zzk, 123456, 2.70574, 0, http://localhost:8090/20220616132443.png, 1, 2022-06-16 13:24:06, 2022-06-16 13:32:21
<==      Total: 1
Closing non transactional SqlSession [org.apache.ibatis.session.defaults.DefaultSqlSession@269a4a92]
Creating a new SqlSession
SqlSession [org.apache.ibatis.session.defaults.DefaultSqlSession@14fbb617] was not registered for synchronization because synchronization is not active
JDBC Connection [HikariProxyConnection@1623306432 wrapping com.mysql.cj.jdbc.ConnectionImpl@19b5f7a7] will not be managed by Spring
==>  Preparing: SELECT id,song_id,user_id,score,pure,far,lost,combo,potential,time,version,create_time,update_time FROM best_record WHERE (song_id = ?)
==> Parameters: 13(Integer)
<==      Total: 0
Closing non transactional SqlSession [org.apache.ibatis.session.defaults.DefaultSqlSession@14fbb617]
2026-02-03 20:17:22.149 DEBUG 4236 --- [nio-8090-exec-6] m.m.a.RequestResponseBodyMethodProcessor : Using 'application/json', given [*/*] and supported [application/json, application/*+json, application/json, application/*+json]
2026-02-03 20:17:22.149 DEBUG 4236 --- [nio-8090-exec-6] m.m.a.RequestResponseBodyMethodProcessor : Writing [{"code":0, "msg":"Success", "data":false}]
2026-02-03 20:17:22.149 DEBUG 4236 --- [nio-8090-exec-6] o.s.web.servlet.DispatcherServlet        : Completed 200 OK
2026-02-03 20:17:22.152 DEBUG 4236 --- [nio-8090-exec-7] o.s.web.servlet.DispatcherServlet        : POST "/user/getPublicCharts", parameters={}
2026-02-03 20:17:22.153 DEBUG 4236 --- [nio-8090-exec-7] s.w.s.m.m.a.RequestMappingHandlerMapping : Mapped to team.javaee.controller.UserController#getPublicCharts(HttpServletRequest, PublicChartsDTO)
2026-02-03 20:17:22.153 DEBUG 4236 --- [nio-8090-exec-7] m.m.a.RequestResponseBodyMethodProcessor : Read "application/json;charset=UTF-8" to [PublicChartsDTO(status=2, searchType=null, searchContent=null, sortType=null, sortWay=null)]
Creating a new SqlSession
SqlSession [org.apache.ibatis.session.defaults.DefaultSqlSession@3e7fd63f] was not registered for synchronization because synchronization is not active
JDBC Connection [HikariProxyConnection@165950457 wrapping com.mysql.cj.jdbc.ConnectionImpl@19b5f7a7] will not be managed by Spring
==>  Preparing: SELECT id,song_name,song_writer,chart_constant,status,play_time,uploader_id,song_cover,default_background,notes_count,loading_text,loaded_text,upload_date,song_length,song_url,bpm,first_beat_delay,version,create_time,update_time FROM song WHERE (status = ?)
==> Parameters: 2(String)
<==    Columns: id, song_name, song_writer, chart_constant, status, play_time, uploader_id, song_cover, default_background, notes_count, loading_text, loaded_text, upload_date, song_length, song_url, bpm, first_beat_delay, version, create_time, update_time
<==        Row: 4, 熱愛発覚中, 椎名林檎, 9.0, 2, 35, f732ce64-95c5-44f0-aeb0-823c79fd99b7, http://localhost:8090/netsuai-cover.jpg, http://localhost:8090/netsuai-0.jpg, 164, 热爱发掘中, 发掘完了, 2022-06-15 20:40:46, null, http://localhost:8090/1.wav, 350.0, 3530, 1, 2022-06-15 20:40:46, 2026-02-03 20:17:00
<==        Row: 6, world.execute(me);, Mili, 9.0, 2, 8, f732ce64-95c5-44f0-aeb0-823c79fd99b7, http://localhost:8090/world-execute-me-cover.jpg, http://localhost:8090/world-execute-me-0.PNG, 244, 世界处刑中……, 处刑完毕, 2022-06-16 09:28:46, null, http://localhost:8090/2.wav, null, null, 1, 2022-06-16 09:28:46, 2022-07-30 18:50:38
<==        Row: 7, AegleSeeker, Silentroom vs Frums, 11.0, 2, 5, f732ce64-95c5-44f0-aeb0-823c79fd99b7, http://localhost:8090/aegle-cover.jpg, http://localhost:8090/aegle-0.JPG, 356, And in that light……, You will find deliverance., 2022-06-16 10:01:48, null, http://localhost:8090/4.wav, null, null, 1, 2022-06-16 10:01:48, 2022-06-16 23:07:20
<==        Row: 8, 迷える音色は恋の唄, はるの, 11.0, 2, 6, f732ce64-95c5-44f0-aeb0-823c79fd99b7, http://localhost:8090/koinouta-cover.jpg, http://localhost:8090/koinouta-0.jpg, 242, ほら、きっと、そう見えるかな……, 迷える音色は恋の唄, 2022-06-16 10:29:24, null, http://localhost:8090/3.wav, 1.0, 0, 1, 2022-06-16 10:29:24, 2022-06-16 23:05:35
<==      Total: 4
Closing non transactional SqlSession [org.apache.ibatis.session.defaults.DefaultSqlSession@3e7fd63f]
Creating a new SqlSession
SqlSession [org.apache.ibatis.session.defaults.DefaultSqlSession@106afe56] was not registered for synchronization because synchronization is not active
JDBC Connection [HikariProxyConnection@1357122634 wrapping com.mysql.cj.jdbc.ConnectionImpl@19b5f7a7] will not be managed by Spring
==>  Preparing: SELECT user_id,username,password,potential,is_admin,icon,version,create_time,update_time FROM user WHERE user_id=?
==> Parameters: f732ce64-95c5-44f0-aeb0-823c79fd99b7(String)
<==    Columns: user_id, username, password, potential, is_admin, icon, version, create_time, update_time
<==        Row: f732ce64-95c5-44f0-aeb0-823c79fd99b7, charlot, $2a$10$6e514wXvtFB0IXLJYe70Au.6Uuw/Zs71xwZKMb8KTVknvLQajAQfy, 3.41748, 1, http://localhost:8090/WechatIMG591.jpeg, 1, 2022-06-15 20:40:39, 2026-02-03 20:17:00
<==      Total: 1
Closing non transactional SqlSession [org.apache.ibatis.session.defaults.DefaultSqlSession@106afe56]
Creating a new SqlSession
SqlSession [org.apache.ibatis.session.defaults.DefaultSqlSession@95865c2] was not registered for synchronization because synchronization is not active
JDBC Connection [HikariProxyConnection@1309123313 wrapping com.mysql.cj.jdbc.ConnectionImpl@19b5f7a7] will not be managed by Spring
==>  Preparing: SELECT id,song_id,user_id,score,pure,far,lost,combo,potential,time,version,create_time,update_time FROM best_record WHERE (song_id = ?)
==> Parameters: 4(Integer)
<==    Columns: id, song_id, user_id, score, pure, far, lost, combo, potential, time, version, create_time, update_time
<==        Row: 3, 4, f732ce64-95c5-44f0-aeb0-823c79fd99b7, 10000000, 164, 0, 0, 164, 11.0, 2022-06-15 22:45:37, 1, 2022-06-15 22:45:37, 2022-06-15 22:45:37
<==        Row: 7, 4, 5e033e52-9f77-4991-acf3-4bbaeee999f3, 9817073, 158, 6, 0, 164, 10.0854, 2022-06-16 13:25:45, 1, 2022-06-16 13:25:45, 2022-06-16 13:25:45
<==        Row: 11, 4, b28586b7-8bc6-4824-a645-c70f040e2fca, 9024390, 137, 22, 5, 153, 7.41463, 2022-06-16 13:35:19, 1, 2022-06-16 13:35:19, 2022-06-16 13:35:19
<==      Total: 3
Closing non transactional SqlSession [org.apache.ibatis.session.defaults.DefaultSqlSession@95865c2]
Creating a new SqlSession
SqlSession [org.apache.ibatis.session.defaults.DefaultSqlSession@7a30558b] was not registered for synchronization because synchronization is not active
JDBC Connection [HikariProxyConnection@806111610 wrapping com.mysql.cj.jdbc.ConnectionImpl@19b5f7a7] will not be managed by Spring
==>  Preparing: SELECT user_id,username,password,potential,is_admin,icon,version,create_time,update_time FROM user WHERE (user_id = ?)
==> Parameters: f732ce64-95c5-44f0-aeb0-823c79fd99b7(String)
<==    Columns: user_id, username, password, potential, is_admin, icon, version, create_time, update_time
<==        Row: f732ce64-95c5-44f0-aeb0-823c79fd99b7, charlot, $2a$10$6e514wXvtFB0IXLJYe70Au.6Uuw/Zs71xwZKMb8KTVknvLQajAQfy, 3.41748, 1, http://localhost:8090/WechatIMG591.jpeg, 1, 2022-06-15 20:40:39, 2026-02-03 20:17:00
<==      Total: 1
Closing non transactional SqlSession [org.apache.ibatis.session.defaults.DefaultSqlSession@7a30558b]
Creating a new SqlSession
SqlSession [org.apache.ibatis.session.defaults.DefaultSqlSession@76a2cca3] was not registered for synchronization because synchronization is not active
JDBC Connection [HikariProxyConnection@239485937 wrapping com.mysql.cj.jdbc.ConnectionImpl@19b5f7a7] will not be managed by Spring
==>  Preparing: SELECT user_id,username,password,potential,is_admin,icon,version,create_time,update_time FROM user WHERE (user_id = ?)
==> Parameters: 5e033e52-9f77-4991-acf3-4bbaeee999f3(String)
<==    Columns: user_id, username, password, potential, is_admin, icon, version, create_time, update_time
<==        Row: 5e033e52-9f77-4991-acf3-4bbaeee999f3, zzk, 123456, 2.70574, 0, http://localhost:8090/20220616132443.png, 1, 2022-06-16 13:24:06, 2022-06-16 13:32:21
<==      Total: 1
Closing non transactional SqlSession [org.apache.ibatis.session.defaults.DefaultSqlSession@76a2cca3]
Creating a new SqlSession
SqlSession [org.apache.ibatis.session.defaults.DefaultSqlSession@6429a085] was not registered for synchronization because synchronization is not active
JDBC Connection [HikariProxyConnection@68071287 wrapping com.mysql.cj.jdbc.ConnectionImpl@19b5f7a7] will not be managed by Spring
==>  Preparing: SELECT user_id,username,password,potential,is_admin,icon,version,create_time,update_time FROM user WHERE (user_id = ?)
==> Parameters: b28586b7-8bc6-4824-a645-c70f040e2fca(String)
<==    Columns: user_id, username, password, potential, is_admin, icon, version, create_time, update_time
<==        Row: b28586b7-8bc6-4824-a645-c70f040e2fca, gzf, 123456, 0.988618, 0, http://localhost:8090/20220616132700.png, 1, 2022-06-16 13:33:10, 2022-06-16 13:38:40
<==      Total: 1
Closing non transactional SqlSession [org.apache.ibatis.session.defaults.DefaultSqlSession@6429a085]
Creating a new SqlSession
SqlSession [org.apache.ibatis.session.defaults.DefaultSqlSession@789ec357] was not registered for synchronization because synchronization is not active
JDBC Connection [HikariProxyConnection@1360685385 wrapping com.mysql.cj.jdbc.ConnectionImpl@19b5f7a7] will not be managed by Spring
==>  Preparing: SELECT user_id,username,password,potential,is_admin,icon,version,create_time,update_time FROM user WHERE user_id=?
==> Parameters: f732ce64-95c5-44f0-aeb0-823c79fd99b7(String)
<==    Columns: user_id, username, password, potential, is_admin, icon, version, create_time, update_time
<==        Row: f732ce64-95c5-44f0-aeb0-823c79fd99b7, charlot, $2a$10$6e514wXvtFB0IXLJYe70Au.6Uuw/Zs71xwZKMb8KTVknvLQajAQfy, 3.41748, 1, http://localhost:8090/WechatIMG591.jpeg, 1, 2022-06-15 20:40:39, 2026-02-03 20:17:00
<==      Total: 1
Closing non transactional SqlSession [org.apache.ibatis.session.defaults.DefaultSqlSession@789ec357]
Creating a new SqlSession
SqlSession [org.apache.ibatis.session.defaults.DefaultSqlSession@41fa5d98] was not registered for synchronization because synchronization is not active
JDBC Connection [HikariProxyConnection@1341172363 wrapping com.mysql.cj.jdbc.ConnectionImpl@19b5f7a7] will not be managed by Spring
==>  Preparing: SELECT id,song_id,user_id,score,pure,far,lost,combo,potential,time,version,create_time,update_time FROM best_record WHERE (song_id = ?)
==> Parameters: 6(Integer)
<==    Columns: id, song_id, user_id, score, pure, far, lost, combo, potential, time, version, create_time, update_time
<==        Row: 8, 6, 5e033e52-9f77-4991-acf3-4bbaeee999f3, 9528688, 221, 23, 0, 244, 9.09563, 2022-06-16 13:29:00, 1, 2022-06-16 13:29:00, 2022-06-16 13:29:00
<==        Row: 12, 6, b28586b7-8bc6-4824-a645-c70f040e2fca, 778688, 15, 8, 221, 8, 0.0, 2022-06-16 13:36:32, 1, 2022-06-16 13:36:32, 2022-06-16 13:36:32
<==        Row: 18, 6, f732ce64-95c5-44f0-aeb0-823c79fd99b7, 9856557, 237, 7, 0, 244, 10.2828, 2022-06-16 23:17:02, 1, 2022-06-16 23:17:02, 2022-06-16 23:17:02
<==      Total: 3
Closing non transactional SqlSession [org.apache.ibatis.session.defaults.DefaultSqlSession@41fa5d98]
Creating a new SqlSession
SqlSession [org.apache.ibatis.session.defaults.DefaultSqlSession@1d640ce2] was not registered for synchronization because synchronization is not active
JDBC Connection [HikariProxyConnection@249664587 wrapping com.mysql.cj.jdbc.ConnectionImpl@19b5f7a7] will not be managed by Spring
==>  Preparing: SELECT user_id,username,password,potential,is_admin,icon,version,create_time,update_time FROM user WHERE (user_id = ?)
==> Parameters: f732ce64-95c5-44f0-aeb0-823c79fd99b7(String)
<==    Columns: user_id, username, password, potential, is_admin, icon, version, create_time, update_time
<==        Row: f732ce64-95c5-44f0-aeb0-823c79fd99b7, charlot, $2a$10$6e514wXvtFB0IXLJYe70Au.6Uuw/Zs71xwZKMb8KTVknvLQajAQfy, 3.41748, 1, http://localhost:8090/WechatIMG591.jpeg, 1, 2022-06-15 20:40:39, 2026-02-03 20:17:00
<==      Total: 1
Closing non transactional SqlSession [org.apache.ibatis.session.defaults.DefaultSqlSession@1d640ce2]
Creating a new SqlSession
SqlSession [org.apache.ibatis.session.defaults.DefaultSqlSession@1f665358] was not registered for synchronization because synchronization is not active
JDBC Connection [HikariProxyConnection@584605514 wrapping com.mysql.cj.jdbc.ConnectionImpl@19b5f7a7] will not be managed by Spring
==>  Preparing: SELECT user_id,username,password,potential,is_admin,icon,version,create_time,update_time FROM user WHERE (user_id = ?)
==> Parameters: 5e033e52-9f77-4991-acf3-4bbaeee999f3(String)
<==    Columns: user_id, username, password, potential, is_admin, icon, version, create_time, update_time
<==        Row: 5e033e52-9f77-4991-acf3-4bbaeee999f3, zzk, 123456, 2.70574, 0, http://localhost:8090/20220616132443.png, 1, 2022-06-16 13:24:06, 2022-06-16 13:32:21
<==      Total: 1
Closing non transactional SqlSession [org.apache.ibatis.session.defaults.DefaultSqlSession@1f665358]
Creating a new SqlSession
SqlSession [org.apache.ibatis.session.defaults.DefaultSqlSession@1ab373d8] was not registered for synchronization because synchronization is not active
JDBC Connection [HikariProxyConnection@937566021 wrapping com.mysql.cj.jdbc.ConnectionImpl@19b5f7a7] will not be managed by Spring
==>  Preparing: SELECT user_id,username,password,potential,is_admin,icon,version,create_time,update_time FROM user WHERE (user_id = ?)
==> Parameters: b28586b7-8bc6-4824-a645-c70f040e2fca(String)
<==    Columns: user_id, username, password, potential, is_admin, icon, version, create_time, update_time
<==        Row: b28586b7-8bc6-4824-a645-c70f040e2fca, gzf, 123456, 0.988618, 0, http://localhost:8090/20220616132700.png, 1, 2022-06-16 13:33:10, 2022-06-16 13:38:40
<==      Total: 1
Closing non transactional SqlSession [org.apache.ibatis.session.defaults.DefaultSqlSession@1ab373d8]
Creating a new SqlSession
SqlSession [org.apache.ibatis.session.defaults.DefaultSqlSession@39f377ea] was not registered for synchronization because synchronization is not active
JDBC Connection [HikariProxyConnection@945815231 wrapping com.mysql.cj.jdbc.ConnectionImpl@19b5f7a7] will not be managed by Spring
==>  Preparing: SELECT user_id,username,password,potential,is_admin,icon,version,create_time,update_time FROM user WHERE user_id=?
==> Parameters: f732ce64-95c5-44f0-aeb0-823c79fd99b7(String)
<==    Columns: user_id, username, password, potential, is_admin, icon, version, create_time, update_time
<==        Row: f732ce64-95c5-44f0-aeb0-823c79fd99b7, charlot, $2a$10$6e514wXvtFB0IXLJYe70Au.6Uuw/Zs71xwZKMb8KTVknvLQajAQfy, 3.41748, 1, http://localhost:8090/WechatIMG591.jpeg, 1, 2022-06-15 20:40:39, 2026-02-03 20:17:00
<==      Total: 1
Closing non transactional SqlSession [org.apache.ibatis.session.defaults.DefaultSqlSession@39f377ea]
Creating a new SqlSession
SqlSession [org.apache.ibatis.session.defaults.DefaultSqlSession@49b10602] was not registered for synchronization because synchronization is not active
JDBC Connection [HikariProxyConnection@1809806585 wrapping com.mysql.cj.jdbc.ConnectionImpl@19b5f7a7] will not be managed by Spring
==>  Preparing: SELECT id,song_id,user_id,score,pure,far,lost,combo,potential,time,version,create_time,update_time FROM best_record WHERE (song_id = ?)
==> Parameters: 7(Integer)
<==    Columns: id, song_id, user_id, score, pure, far, lost, combo, potential, time, version, create_time, update_time
<==        Row: 6, 7, f732ce64-95c5-44f0-aeb0-823c79fd99b7, 7471910, 222, 88, 46, 40, 4.2397, 2022-06-16 10:39:44, 1, 2022-06-16 10:39:44, 2022-06-16 10:39:44
<==        Row: 9, 7, 5e033e52-9f77-4991-acf3-4bbaeee999f3, 7345505, 220, 83, 53, 69, 3.81835, 2022-06-16 13:31:33, 1, 2022-06-16 13:31:33, 2022-06-16 13:31:33
<==        Row: 15, 7, 52dfcbef-4f71-4c13-b474-6a5af9681342, 3061797, 87, 44, 225, 21, 0.0, 2022-06-16 13:38:03, 1, 2022-06-16 13:38:03, 2022-06-16 13:38:03
<==        Row: 16, 7, b28586b7-8bc6-4824-a645-c70f040e2fca, 2808988, 70, 60, 226, 20, 0.0, 2022-06-16 13:38:40, 1, 2022-06-16 13:38:40, 2022-06-16 13:38:40
<==      Total: 4
Closing non transactional SqlSession [org.apache.ibatis.session.defaults.DefaultSqlSession@49b10602]
Creating a new SqlSession
SqlSession [org.apache.ibatis.session.defaults.DefaultSqlSession@357d708d] was not registered for synchronization because synchronization is not active
JDBC Connection [HikariProxyConnection@1958605110 wrapping com.mysql.cj.jdbc.ConnectionImpl@19b5f7a7] will not be managed by Spring
==>  Preparing: SELECT user_id,username,password,potential,is_admin,icon,version,create_time,update_time FROM user WHERE (user_id = ?)
==> Parameters: f732ce64-95c5-44f0-aeb0-823c79fd99b7(String)
<==    Columns: user_id, username, password, potential, is_admin, icon, version, create_time, update_time
<==        Row: f732ce64-95c5-44f0-aeb0-823c79fd99b7, charlot, $2a$10$6e514wXvtFB0IXLJYe70Au.6Uuw/Zs71xwZKMb8KTVknvLQajAQfy, 3.41748, 1, http://localhost:8090/WechatIMG591.jpeg, 1, 2022-06-15 20:40:39, 2026-02-03 20:17:00
<==      Total: 1
Closing non transactional SqlSession [org.apache.ibatis.session.defaults.DefaultSqlSession@357d708d]
Creating a new SqlSession
SqlSession [org.apache.ibatis.session.defaults.DefaultSqlSession@5ef4b158] was not registered for synchronization because synchronization is not active
JDBC Connection [HikariProxyConnection@5462803 wrapping com.mysql.cj.jdbc.ConnectionImpl@19b5f7a7] will not be managed by Spring
==>  Preparing: SELECT user_id,username,password,potential,is_admin,icon,version,create_time,update_time FROM user WHERE (user_id = ?)
==> Parameters: 5e033e52-9f77-4991-acf3-4bbaeee999f3(String)
<==    Columns: user_id, username, password, potential, is_admin, icon, version, create_time, update_time
<==        Row: 5e033e52-9f77-4991-acf3-4bbaeee999f3, zzk, 123456, 2.70574, 0, http://localhost:8090/20220616132443.png, 1, 2022-06-16 13:24:06, 2022-06-16 13:32:21
<==      Total: 1
Closing non transactional SqlSession [org.apache.ibatis.session.defaults.DefaultSqlSession@5ef4b158]
Creating a new SqlSession
SqlSession [org.apache.ibatis.session.defaults.DefaultSqlSession@56bbacee] was not registered for synchronization because synchronization is not active
JDBC Connection [HikariProxyConnection@759081232 wrapping com.mysql.cj.jdbc.ConnectionImpl@19b5f7a7] will not be managed by Spring
==>  Preparing: SELECT user_id,username,password,potential,is_admin,icon,version,create_time,update_time FROM user WHERE (user_id = ?)
==> Parameters: 52dfcbef-4f71-4c13-b474-6a5af9681342(String)
<==    Columns: user_id, username, password, potential, is_admin, icon, version, create_time, update_time
<==        Row: 52dfcbef-4f71-4c13-b474-6a5af9681342, nwh, 123456, 0.0, 0, http://localhost:8090/20220616132309.png, 1, 2022-06-16 13:22:06, 2022-06-16 13:38:03
<==      Total: 1
Closing non transactional SqlSession [org.apache.ibatis.session.defaults.DefaultSqlSession@56bbacee]
Creating a new SqlSession
SqlSession [org.apache.ibatis.session.defaults.DefaultSqlSession@4ddaa3b2] was not registered for synchronization because synchronization is not active
JDBC Connection [HikariProxyConnection@1183693371 wrapping com.mysql.cj.jdbc.ConnectionImpl@19b5f7a7] will not be managed by Spring
==>  Preparing: SELECT user_id,username,password,potential,is_admin,icon,version,create_time,update_time FROM user WHERE (user_id = ?)
==> Parameters: b28586b7-8bc6-4824-a645-c70f040e2fca(String)
<==    Columns: user_id, username, password, potential, is_admin, icon, version, create_time, update_time
<==        Row: b28586b7-8bc6-4824-a645-c70f040e2fca, gzf, 123456, 0.988618, 0, http://localhost:8090/20220616132700.png, 1, 2022-06-16 13:33:10, 2022-06-16 13:38:40
<==      Total: 1
Closing non transactional SqlSession [org.apache.ibatis.session.defaults.DefaultSqlSession@4ddaa3b2]
Creating a new SqlSession
SqlSession [org.apache.ibatis.session.defaults.DefaultSqlSession@5667aeac] was not registered for synchronization because synchronization is not active
JDBC Connection [HikariProxyConnection@1320702177 wrapping com.mysql.cj.jdbc.ConnectionImpl@19b5f7a7] will not be managed by Spring
==>  Preparing: SELECT user_id,username,password,potential,is_admin,icon,version,create_time,update_time FROM user WHERE user_id=?
==> Parameters: f732ce64-95c5-44f0-aeb0-823c79fd99b7(String)
<==    Columns: user_id, username, password, potential, is_admin, icon, version, create_time, update_time
<==        Row: f732ce64-95c5-44f0-aeb0-823c79fd99b7, charlot, $2a$10$6e514wXvtFB0IXLJYe70Au.6Uuw/Zs71xwZKMb8KTVknvLQajAQfy, 3.41748, 1, http://localhost:8090/WechatIMG591.jpeg, 1, 2022-06-15 20:40:39, 2026-02-03 20:17:00
<==      Total: 1
Closing non transactional SqlSession [org.apache.ibatis.session.defaults.DefaultSqlSession@5667aeac]
Creating a new SqlSession
SqlSession [org.apache.ibatis.session.defaults.DefaultSqlSession@6403d370] was not registered for synchronization because synchronization is not active
JDBC Connection [HikariProxyConnection@259654546 wrapping com.mysql.cj.jdbc.ConnectionImpl@19b5f7a7] will not be managed by Spring
==>  Preparing: SELECT id,song_id,user_id,score,pure,far,lost,combo,potential,time,version,create_time,update_time FROM best_record WHERE (song_id = ?)
==> Parameters: 8(Integer)
<==    Columns: id, song_id, user_id, score, pure, far, lost, combo, potential, time, version, create_time, update_time
<==        Row: 5, 8, f732ce64-95c5-44f0-aeb0-823c79fd99b7, 8429752, 182, 44, 16, 75, 7.43251, 2022-06-16 10:33:27, 1, 2022-06-16 10:33:27, 2022-06-16 10:33:27
<==        Row: 10, 8, 5e033e52-9f77-4991-acf3-4bbaeee999f3, 8450413, 186, 37, 19, 88, 7.50138, 2022-06-16 13:32:21, 1, 2022-06-16 13:32:21, 2022-06-16 13:32:21
<==        Row: 13, 8, 52dfcbef-4f71-4c13-b474-6a5af9681342, 702479, 14, 6, 175, 15, 0.0, 2022-06-16 13:36:36, 1, 2022-06-16 13:36:36, 2022-06-16 13:36:36
<==        Row: 14, 8, b28586b7-8bc6-4824-a645-c70f040e2fca, 1053719, 23, 5, 212, 4, 0.0, 2022-06-16 13:37:37, 1, 2022-06-16 13:37:37, 2022-06-16 13:37:37
<==      Total: 4
Closing non transactional SqlSession [org.apache.ibatis.session.defaults.DefaultSqlSession@6403d370]
Creating a new SqlSession
SqlSession [org.apache.ibatis.session.defaults.DefaultSqlSession@1d239ecd] was not registered for synchronization because synchronization is not active
JDBC Connection [HikariProxyConnection@1740719690 wrapping com.mysql.cj.jdbc.ConnectionImpl@19b5f7a7] will not be managed by Spring
==>  Preparing: SELECT user_id,username,password,potential,is_admin,icon,version,create_time,update_time FROM user WHERE (user_id = ?)
==> Parameters: 5e033e52-9f77-4991-acf3-4bbaeee999f3(String)
<==    Columns: user_id, username, password, potential, is_admin, icon, version, create_time, update_time
<==        Row: 5e033e52-9f77-4991-acf3-4bbaeee999f3, zzk, 123456, 2.70574, 0, http://localhost:8090/20220616132443.png, 1, 2022-06-16 13:24:06, 2022-06-16 13:32:21
<==      Total: 1
Closing non transactional SqlSession [org.apache.ibatis.session.defaults.DefaultSqlSession@1d239ecd]
Creating a new SqlSession
SqlSession [org.apache.ibatis.session.defaults.DefaultSqlSession@70570a3d] was not registered for synchronization because synchronization is not active
JDBC Connection [HikariProxyConnection@1896036108 wrapping com.mysql.cj.jdbc.ConnectionImpl@19b5f7a7] will not be managed by Spring
==>  Preparing: SELECT user_id,username,password,potential,is_admin,icon,version,create_time,update_time FROM user WHERE (user_id = ?)
==> Parameters: f732ce64-95c5-44f0-aeb0-823c79fd99b7(String)
<==    Columns: user_id, username, password, potential, is_admin, icon, version, create_time, update_time
<==        Row: f732ce64-95c5-44f0-aeb0-823c79fd99b7, charlot, $2a$10$6e514wXvtFB0IXLJYe70Au.6Uuw/Zs71xwZKMb8KTVknvLQajAQfy, 3.41748, 1, http://localhost:8090/WechatIMG591.jpeg, 1, 2022-06-15 20:40:39, 2026-02-03 20:17:00
<==      Total: 1
Closing non transactional SqlSession [org.apache.ibatis.session.defaults.DefaultSqlSession@70570a3d]
Creating a new SqlSession
SqlSession [org.apache.ibatis.session.defaults.DefaultSqlSession@61e5fd77] was not registered for synchronization because synchronization is not active
JDBC Connection [HikariProxyConnection@699078036 wrapping com.mysql.cj.jdbc.ConnectionImpl@19b5f7a7] will not be managed by Spring
==>  Preparing: SELECT user_id,username,password,potential,is_admin,icon,version,create_time,update_time FROM user WHERE (user_id = ?)
==> Parameters: b28586b7-8bc6-4824-a645-c70f040e2fca(String)
<==    Columns: user_id, username, password, potential, is_admin, icon, version, create_time, update_time
<==        Row: b28586b7-8bc6-4824-a645-c70f040e2fca, gzf, 123456, 0.988618, 0, http://localhost:8090/20220616132700.png, 1, 2022-06-16 13:33:10, 2022-06-16 13:38:40
<==      Total: 1
Closing non transactional SqlSession [org.apache.ibatis.session.defaults.DefaultSqlSession@61e5fd77]
Creating a new SqlSession
SqlSession [org.apache.ibatis.session.defaults.DefaultSqlSession@33f456f9] was not registered for synchronization because synchronization is not active
JDBC Connection [HikariProxyConnection@2108955573 wrapping com.mysql.cj.jdbc.ConnectionImpl@19b5f7a7] will not be managed by Spring
==>  Preparing: SELECT user_id,username,password,potential,is_admin,icon,version,create_time,update_time FROM user WHERE (user_id = ?)
==> Parameters: 52dfcbef-4f71-4c13-b474-6a5af9681342(String)
<==    Columns: user_id, username, password, potential, is_admin, icon, version, create_time, update_time
<==        Row: 52dfcbef-4f71-4c13-b474-6a5af9681342, nwh, 123456, 0.0, 0, http://localhost:8090/20220616132309.png, 1, 2022-06-16 13:22:06, 2022-06-16 13:38:03
<==      Total: 1
Closing non transactional SqlSession [org.apache.ibatis.session.defaults.DefaultSqlSession@33f456f9]
2026-02-03 20:17:22.183 DEBUG 4236 --- [nio-8090-exec-7] m.m.a.RequestResponseBodyMethodProcessor : Using 'application/json', given [*/*] and supported [application/json, application/*+json, application/json, application/*+json]
2026-02-03 20:17:22.184 DEBUG 4236 --- [nio-8090-exec-7] m.m.a.RequestResponseBodyMethodProcessor : Writing [{"code":0, "msg":"Success", "data":false}]
2026-02-03 20:17:22.184 DEBUG 4236 --- [nio-8090-exec-7] o.s.web.servlet.DispatcherServlet        : Completed 200 OK
2026-02-03 20:17:22.187 DEBUG 4236 --- [nio-8090-exec-2] o.s.web.servlet.DispatcherServlet        : POST "/user/getPublicCharts", parameters={}
2026-02-03 20:17:22.187 DEBUG 4236 --- [nio-8090-exec-2] s.w.s.m.m.a.RequestMappingHandlerMapping : Mapped to team.javaee.controller.UserController#getPublicCharts(HttpServletRequest, PublicChartsDTO)
2026-02-03 20:17:22.188 DEBUG 4236 --- [nio-8090-exec-2] m.m.a.RequestResponseBodyMethodProcessor : Read "application/json;charset=UTF-8" to [PublicChartsDTO(status=null, searchType=null, searchContent=null, sortType=null, sortWay=null)]
Creating a new SqlSession
SqlSession [org.apache.ibatis.session.defaults.DefaultSqlSession@1b5b3982] was not registered for synchronization because synchronization is not active
JDBC Connection [HikariProxyConnection@604276271 wrapping com.mysql.cj.jdbc.ConnectionImpl@19b5f7a7] will not be managed by Spring
==>  Preparing: SELECT id,song_name,song_writer,chart_constant,status,play_time,uploader_id,song_cover,default_background,notes_count,loading_text,loaded_text,upload_date,song_length,song_url,bpm,first_beat_delay,version,create_time,update_time FROM song WHERE (status = ?)
==> Parameters: 1(String)
<==    Columns: id, song_name, song_writer, chart_constant, status, play_time, uploader_id, song_cover, default_background, notes_count, loading_text, loaded_text, upload_date, song_length, song_url, bpm, first_beat_delay, version, create_time, update_time
<==        Row: 9, 羊胎素, 斯琴高娃&袁立, 8.0, 1, 0, f732ce64-95c5-44f0-aeb0-823c79fd99b7, http://localhost:8090/yts-cover.jpg, http://localhost:8090/yts-0.jpg, 95, 斯琴高娃老师打羊胎素中……, 打完了，哦这是可以说的吗？, 2022-06-16 11:19:30, null, http://localhost:8090/5.m4a, 1.0, 1, 1, 2022-06-16 11:19:30, 2022-06-16 14:40:55
<==        Row: 10, 宗教, 111, 0.0, 1, 0, 52dfcbef-4f71-4c13-b474-6a5af9681342, http://p1.music.126.net/JuG-UsZRUC3o0v4WKPTgoA==/109951164185701536.jpg, http://p1.music.126.net/JuG-UsZRUC3o0v4WKPTgoA==/109951164185701536.jpg, 0, , , 2022-06-16 13:42:57, null, , null, null, 1, 2022-06-16 13:42:57, 2022-06-16 13:43:58
<==        Row: 11, 杀死那个石家庄人, 万能青年旅店, 0.0, 1, 0, b28586b7-8bc6-4824-a645-c70f040e2fca, http://p2.music.126.net/W1kczDCB4-r-uNAznD1ljg==/108851651165850.jpg?param=130y130, http://p2.music.126.net/W1kczDCB4-r-uNAznD1ljg==/108851651165850.jpg?param=130y130, 0, , , 2022-06-16 13:46:19, null, , null, null, 1, 2022-06-16 13:46:19, 2022-06-16 13:52:33
<==        Row: 12, まつり, 藤井風, 0.0, 1, 0, b28586b7-8bc6-4824-a645-c70f040e2fca, http://p2.music.126.net/jR5BzhC9k2KwPpAEQT3sJg==/109951167183618536.jpg, http://p2.music.126.net/jR5BzhC9k2KwPpAEQT3sJg==/109951167183618536.jpg, 0, , , 2022-06-16 13:47:35, null, , null, null, 1, 2022-06-16 13:47:35, 2022-06-16 13:52:36
<==        Row: 13, 深海少女, のぶなが, 0.0, 1, 0, 5e033e52-9f77-4991-acf3-4bbaeee999f3, http://p2.music.126.net/tpqIHupzaqlFaHawnUYlOA==/18722483998223156.jpg?param=130y130, http://p2.music.126.net/tpqIHupzaqlFaHawnUYlOA==/18722483998223156.jpg?param=130y130, 0, , , 2022-06-16 13:51:59, null, , null, null, 1, 2022-06-16 13:51:59, 2022-06-16 13:52:16
<==      Total: 5
Closing non transactional SqlSession [org.apache.ibatis.session.defaults.DefaultSqlSession@1b5b3982]
Creating a new SqlSession
SqlSession [org.apache.ibatis.session.defaults.DefaultSqlSession@5161e69b] was not registered for synchronization because synchronization is not active
JDBC Connection [HikariProxyConnection@322195996 wrapping com.mysql.cj.jdbc.ConnectionImpl@19b5f7a7] will not be managed by Spring
==>  Preparing: SELECT user_id,username,password,potential,is_admin,icon,version,create_time,update_time FROM user WHERE user_id=?
==> Parameters: f732ce64-95c5-44f0-aeb0-823c79fd99b7(String)
<==    Columns: user_id, username, password, potential, is_admin, icon, version, create_time, update_time
<==        Row: f732ce64-95c5-44f0-aeb0-823c79fd99b7, charlot, $2a$10$6e514wXvtFB0IXLJYe70Au.6Uuw/Zs71xwZKMb8KTVknvLQajAQfy, 3.41748, 1, http://localhost:8090/WechatIMG591.jpeg, 1, 2022-06-15 20:40:39, 2026-02-03 20:17:00
<==      Total: 1
Closing non transactional SqlSession [org.apache.ibatis.session.defaults.DefaultSqlSession@5161e69b]
Creating a new SqlSession
SqlSession [org.apache.ibatis.session.defaults.DefaultSqlSession@7e1f6bf0] was not registered for synchronization because synchronization is not active
JDBC Connection [HikariProxyConnection@538185622 wrapping com.mysql.cj.jdbc.ConnectionImpl@19b5f7a7] will not be managed by Spring
==>  Preparing: SELECT id,song_id,user_id,score,pure,far,lost,combo,potential,time,version,create_time,update_time FROM best_record WHERE (song_id = ?)
==> Parameters: 9(Integer)
<==      Total: 0
Closing non transactional SqlSession [org.apache.ibatis.session.defaults.DefaultSqlSession@7e1f6bf0]
Creating a new SqlSession
SqlSession [org.apache.ibatis.session.defaults.DefaultSqlSession@e429072] was not registered for synchronization because synchronization is not active
JDBC Connection [HikariProxyConnection@193407649 wrapping com.mysql.cj.jdbc.ConnectionImpl@19b5f7a7] will not be managed by Spring
==>  Preparing: SELECT user_id,username,password,potential,is_admin,icon,version,create_time,update_time FROM user WHERE user_id=?
==> Parameters: 52dfcbef-4f71-4c13-b474-6a5af9681342(String)
<==    Columns: user_id, username, password, potential, is_admin, icon, version, create_time, update_time
<==        Row: 52dfcbef-4f71-4c13-b474-6a5af9681342, nwh, 123456, 0.0, 0, http://localhost:8090/20220616132309.png, 1, 2022-06-16 13:22:06, 2022-06-16 13:38:03
<==      Total: 1
Closing non transactional SqlSession [org.apache.ibatis.session.defaults.DefaultSqlSession@e429072]
Creating a new SqlSession
SqlSession [org.apache.ibatis.session.defaults.DefaultSqlSession@121e4862] was not registered for synchronization because synchronization is not active
JDBC Connection [HikariProxyConnection@138779475 wrapping com.mysql.cj.jdbc.ConnectionImpl@19b5f7a7] will not be managed by Spring
==>  Preparing: SELECT id,song_id,user_id,score,pure,far,lost,combo,potential,time,version,create_time,update_time FROM best_record WHERE (song_id = ?)
==> Parameters: 10(Integer)
<==      Total: 0
Closing non transactional SqlSession [org.apache.ibatis.session.defaults.DefaultSqlSession@121e4862]
Creating a new SqlSession
SqlSession [org.apache.ibatis.session.defaults.DefaultSqlSession@4ed9d948] was not registered for synchronization because synchronization is not active
JDBC Connection [HikariProxyConnection@786744745 wrapping com.mysql.cj.jdbc.ConnectionImpl@19b5f7a7] will not be managed by Spring
==>  Preparing: SELECT user_id,username,password,potential,is_admin,icon,version,create_time,update_time FROM user WHERE user_id=?
==> Parameters: b28586b7-8bc6-4824-a645-c70f040e2fca(String)
<==    Columns: user_id, username, password, potential, is_admin, icon, version, create_time, update_time
<==        Row: b28586b7-8bc6-4824-a645-c70f040e2fca, gzf, 123456, 0.988618, 0, http://localhost:8090/20220616132700.png, 1, 2022-06-16 13:33:10, 2022-06-16 13:38:40
<==      Total: 1
Closing non transactional SqlSession [org.apache.ibatis.session.defaults.DefaultSqlSession@4ed9d948]
Creating a new SqlSession
SqlSession [org.apache.ibatis.session.defaults.DefaultSqlSession@1bbd041c] was not registered for synchronization because synchronization is not active
JDBC Connection [HikariProxyConnection@464428474 wrapping com.mysql.cj.jdbc.ConnectionImpl@19b5f7a7] will not be managed by Spring
==>  Preparing: SELECT id,song_id,user_id,score,pure,far,lost,combo,potential,time,version,create_time,update_time FROM best_record WHERE (song_id = ?)
==> Parameters: 11(Integer)
<==      Total: 0
Closing non transactional SqlSession [org.apache.ibatis.session.defaults.DefaultSqlSession@1bbd041c]
Creating a new SqlSession
SqlSession [org.apache.ibatis.session.defaults.DefaultSqlSession@63a192d7] was not registered for synchronization because synchronization is not active
JDBC Connection [HikariProxyConnection@273672027 wrapping com.mysql.cj.jdbc.ConnectionImpl@19b5f7a7] will not be managed by Spring
==>  Preparing: SELECT user_id,username,password,potential,is_admin,icon,version,create_time,update_time FROM user WHERE user_id=?
==> Parameters: b28586b7-8bc6-4824-a645-c70f040e2fca(String)
<==    Columns: user_id, username, password, potential, is_admin, icon, version, create_time, update_time
<==        Row: b28586b7-8bc6-4824-a645-c70f040e2fca, gzf, 123456, 0.988618, 0, http://localhost:8090/20220616132700.png, 1, 2022-06-16 13:33:10, 2022-06-16 13:38:40
<==      Total: 1
Closing non transactional SqlSession [org.apache.ibatis.session.defaults.DefaultSqlSession@63a192d7]
Creating a new SqlSession
SqlSession [org.apache.ibatis.session.defaults.DefaultSqlSession@1236de20] was not registered for synchronization because synchronization is not active
JDBC Connection [HikariProxyConnection@2104414619 wrapping com.mysql.cj.jdbc.ConnectionImpl@19b5f7a7] will not be managed by Spring
==>  Preparing: SELECT id,song_id,user_id,score,pure,far,lost,combo,potential,time,version,create_time,update_time FROM best_record WHERE (song_id = ?)
==> Parameters: 12(Integer)
<==      Total: 0
Closing non transactional SqlSession [org.apache.ibatis.session.defaults.DefaultSqlSession@1236de20]
Creating a new SqlSession
SqlSession [org.apache.ibatis.session.defaults.DefaultSqlSession@722aeb7a] was not registered for synchronization because synchronization is not active
JDBC Connection [HikariProxyConnection@1456078017 wrapping com.mysql.cj.jdbc.ConnectionImpl@19b5f7a7] will not be managed by Spring
==>  Preparing: SELECT user_id,username,password,potential,is_admin,icon,version,create_time,update_time FROM user WHERE user_id=?
==> Parameters: 5e033e52-9f77-4991-acf3-4bbaeee999f3(String)
<==    Columns: user_id, username, password, potential, is_admin, icon, version, create_time, update_time
<==        Row: 5e033e52-9f77-4991-acf3-4bbaeee999f3, zzk, 123456, 2.70574, 0, http://localhost:8090/20220616132443.png, 1, 2022-06-16 13:24:06, 2022-06-16 13:32:21
<==      Total: 1
Closing non transactional SqlSession [org.apache.ibatis.session.defaults.DefaultSqlSession@722aeb7a]
Creating a new SqlSession
SqlSession [org.apache.ibatis.session.defaults.DefaultSqlSession@6bc04478] was not registered for synchronization because synchronization is not active
JDBC Connection [HikariProxyConnection@1318327105 wrapping com.mysql.cj.jdbc.ConnectionImpl@19b5f7a7] will not be managed by Spring
==>  Preparing: SELECT id,song_id,user_id,score,pure,far,lost,combo,potential,time,version,create_time,update_time FROM best_record WHERE (song_id = ?)
==> Parameters: 13(Integer)
<==      Total: 0
Closing non transactional SqlSession [org.apache.ibatis.session.defaults.DefaultSqlSession@6bc04478]
2026-02-03 20:17:22.200 DEBUG 4236 --- [nio-8090-exec-2] m.m.a.RequestResponseBodyMethodProcessor : Using 'application/json', given [*/*] and supported [application/json, application/*+json, application/json, application/*+json]
2026-02-03 20:17:22.200 DEBUG 4236 --- [nio-8090-exec-2] m.m.a.RequestResponseBodyMethodProcessor : Writing [{"code":0, "msg":"Success", "data":false}]
2026-02-03 20:17:22.200 DEBUG 4236 --- [nio-8090-exec-2] o.s.web.servlet.DispatcherServlet        : Completed 200 OK
2026-02-03 20:17:24.898 DEBUG 4236 --- [nio-8090-exec-1] o.s.web.servlet.DispatcherServlet        : GET "/aegle-cover.jpg", parameters={}
2026-02-03 20:17:24.899 DEBUG 4236 --- [nio-8090-exec-1] o.s.w.s.handler.SimpleUrlHandlerMapping  : Mapped to ResourceHttpRequestHandler [classpath [META-INF/resources/], classpath [resources/], classpath [static/], classpath [public/], URL [file:./data/], ServletContext [/]]
2026-02-03 20:17:24.900 DEBUG 4236 --- [nio-8090-exec-1] o.s.web.servlet.DispatcherServlet        : Completed 200 OK
2026-02-03 20:17:27.800 DEBUG 4236 --- [ionShutdownHook] o.s.b.a.ApplicationAvailabilityBean      : Application availability state ReadinessState changed from ACCEPTING_TRAFFIC to REFUSING_TRAFFIC
2026-02-03 20:17:27.800 DEBUG 4236 --- [ionShutdownHook] ConfigServletWebServerApplicationContext : Closing org.springframework.boot.web.servlet.context.AnnotationConfigServletWebServerApplicationContext@4e096385, started on Tue Feb 03 20:14:39 CST 2026
2026-02-03 20:17:28.812  INFO 4236 --- [ionShutdownHook] com.zaxxer.hikari.HikariDataSource       : HikariPool-1 - Shutdown initiated...
2026-02-03 20:17:28.816  INFO 4236 --- [ionShutdownHook] com.zaxxer.hikari.HikariDataSource       : HikariPool-1 - Shutdown completed.
